model,epochs,tag,batch,avg_mem,avg_power,avg_step_time,energy_per_img,gpu_util_early_late,gpu_util_max,gpu_util_mean,gpu_util_p95,gpu_util_slope,gpu_util_std,is65W,map50,mem_clock_early_late,mem_clock_max,mem_clock_mean,mem_clock_p95,mem_clock_slope,mem_clock_std,mem_util_early_late,mem_util_max,mem_util_mean,mem_util_p95,mem_util_slope,mem_util_std,power_early_late,power_limit_w,power_peak_to_mean,power_range,power_slope,pwr_max,pwr_mean,pwr_min,pwr_p95,pwr_std,sm_clock_early_late,sm_clock_max,sm_clock_mean,sm_clock_p95,sm_clock_slope,sm_clock_std,step_time_cv,step_time_mean,step_time_p95,step_time_slope,step_time_std,temp_early_late,temp_max,temp_mean,temp_p95,temp_slope,temp_std,thr_mean,thr_p95,thr_std,throughput,throughput_var_ratio,vram_total_mb,n_logs,delta_map,true_score,rel,pred_score,rank_pred
yolo11m.pt,1,115W,1,1833.12109375,21.763111070919592,0.0750145791016016,1.627785029173804,15.5710742710186,43.0,15.156448478434266,41.25,0.0447397378892077,17.309682206247018,0.0,0.70007,0.0,8200.0,8190.243902439024,8200.0,0.0103693875045208,53.2132298274913,3.075628367834334,14.25,3.9272832649848137,12.25,0.0102930886873854,4.611353229625604,7.264701335524089,115.042,1.7576237437170146,23.10725,0.0219651317501022,38.214,21.76311107091961,15.10675,34.1238,7.443598935645886,194.3012222306113,2651.25,2167.7811682817933,2575.124999999998,0.6229979907484056,225.9040803987222,0.2813867679798616,0.0750145791016016,0.1030319674997599,-0.0001660389690111,0.0214786643612743,1.092654918549684,72.75,68.24589922558721,71.25,0.0041121182616806,1.6810220583726694,13.89818578547188,16.170835989815437,2.127907171167358,13.379512641985968,0.0238053895794304,8188.0,4,0.062120000000000064,-94.1773462161801,3,1.9861541986465454,1
yolo11m.pt,1,115W,8,3124.9393310546875,22.139377099047053,0.1375220765622486,0.3801454649778579,10.70415200931499,77.5,10.235537148087513,64.75,0.0586066857104121,21.8835725155549,0.0,0.76219,0.0,8200.0,8200.0,8200.0,-5.202432013678228e-15,0.0,5.829365837229982,53.0,6.097728776835937,42.25,0.0357667295294892,14.162908731767333,9.785118942740324,115.5435,2.984905078856466,51.104,0.04528743156939,66.05025,22.13937709904705,14.94625,57.75832499999997,13.278119777619796,419.6014406816208,2655.0,2185.8331383722966,2655.0,1.3567207732310904,281.5476741952089,0.299696569959975,0.1375220765622486,0.1891353249999383,-0.0054187365073402,0.0427148339117841,2.102740077665999,77.25,67.11018134968597,74.25,0.0095535692386712,2.852433694174258,62.11981288395378,81.38063609625759,12.374910576886569,58.46273807227011,0.0418037799608643,8188.0,4,0.0,-145.34995826076747,2,0.5565074682235718,2
yolo11m.pt,1,115W,16,4767.96484375,22.675584776326208,0.2370138406247974,0.3358783175001358,9.355942589904853,81.75,10.840034473466336,75.0,0.0618833640928524,23.910093369231625,0.0,0.75866,0.0,8200.0,8200.0,8200.0,9.851080177115432e-15,0.0,5.711724491441473,63.0,7.320617223449461,55.5,0.0429995601548453,17.743320401523114,10.244885098601609,117.016,3.219290603060097,58.245,0.05131191965488,73.033,22.675584776326204,14.788,62.83654999999997,14.815441325547765,405.37262423111474,2655.0,2188.6751904454536,2655.0,1.40696288387747,286.1982687381121,0.2009570596970776,0.2370138406247974,0.3191610562489358,-0.0141781306545161,0.0491820556534772,1.8125786163522013,76.0,65.89494163679876,73.0,0.0094658835081575,2.967888221429148,70.11204104178248,77.53231168283358,9.14647497069129,67.67604602058837,0.0220079965868056,8188.0,4,0.003530000000000033,-224.89845681422136,1,-0.8498185276985168,3
yolo11m.pt,1,115W,32,7953.94921875,21.84571291591447,0.439884831249742,0.2998737859464868,12.733388181348069,91.75,10.163802490300604,67.0,0.0634458323671424,23.16362554411769,0.0,0.75759,0.0,8200.0,8200.0,8200.0,-3.7418155830721404e-15,0.0,8.109877066571832,78.25,7.200309904607094,51.75,0.0476042229092822,19.369701297106467,11.447936687910072,115.0,3.318488215323252,57.44725,0.0510618524077011,72.21025,21.84571291591445,14.763,58.43575,13.819220033232725,448.14704013998494,2655.0,2177.21327600486,2655.0,1.449124611815246,281.4140047426493,0.1481324531195211,0.439884831249742,0.5328210574996205,-0.0490083674999368,0.0670313625370249,2.8524992140026058,76.5,65.50780579293559,73.25,0.0118630914949757,3.174226350567273,74.68886013811148,81.46778437802129,8.937197240776838,72.89285454412205,0.0195219369941343,8188.0,4,0.0046000000000000485,-382.3837784490377,0,-1.8828115463256836,4
yolo11m.pt,1,65W,1,1593.9873046875,20.691369344165995,0.0789358539062589,1.6305410145032444,12.00345801953488,43.0,14.204171253295854,41.0,0.0351542798443852,17.11525206574248,1.0,0.70007,379.36103436647727,8000.0,7459.167952122307,8000.0,1.0086012457347897,497.0279627301048,2.413910441477204,14.5,3.7774649714670168,13.75,0.0083423292165667,4.789512747737911,6.695752310498271,53.2715,2.1147611985164496,29.55775,0.0178070653562987,43.70025,20.691369344166,14.1425,31.956149999999983,7.3486688014774675,129.8516880779265,2497.5,2088.9369978741342,2396.25,0.3219934540327005,134.22053703005562,0.2989866917113294,0.0789358539062589,0.1098555837499815,-0.0001752228977357,0.0240563477165521,1.7799366684217723,77.0,71.8422810358226,74.5,0.0047523011505927,1.7130093683789889,13.21427301351068,15.31742948536617,2.025984958456601,12.694307587314013,0.0240239686240966,8188.0,4,0.062120000000000064,-82.1046957614306,3,1.2857749462127686,1
yolo11m.pt,1,65W,8,2886.263671875,19.50502600033828,0.1612487703124258,0.3928292678531774,13.60357315778744,77.25,11.261135661474835,68.75,0.0600516189171877,22.636595929569975,1.0,0.76219,357.54565367689133,8000.0,7278.624446767762,8000.0,1.2700404850194935,447.67064079197854,6.610476884536804,44.75,6.022101836367833,40.0,0.0318510260732278,12.64774100901872,6.675764836281627,48.692,3.034698279196391,45.34275,0.0284028393572093,59.25425,19.50502600033828,13.9115,41.684775,9.694314706910651,149.662274556925,2497.5,2039.2785710310568,2494.5,0.3081668175549271,189.7084073968686,0.2809271136734844,0.1612487703124258,0.2152607312498275,-0.0049613729043952,0.0466654129419285,1.5961056433063412,76.25,70.82808474039116,75.475,0.0058657496769382,1.8074772047879415,52.59097858137681,67.70666855218296,9.895309947652912,49.777921421148775,0.037586978480459,8188.0,4,0.0,-135.23131496750688,2,0.13052955269813538,2
yolo11m.pt,1,65W,16,4527.880859375,19.31571364201563,0.2799862531251733,0.337897179739222,10.963320339123884,87.75,11.886853396308997,80.25,0.0582805069888377,25.6046466239775,1.0,0.75866,257.09216615788546,8000.0,7266.864115776015,8000.0,1.0563495062786514,441.86983959154855,5.7572476170212274,57.25,7.014563785676333,52.5,0.0342749240143992,16.123319748522192,5.8721930861381,47.476,3.5363272460106883,54.427,0.0265802067512383,68.236,19.315713642015645,13.809,44.4286125,10.05151079173351,196.0675916210737,2493.75,2045.986721595168,2490.0,0.3937534810548863,220.04913444531172,0.1675910379486582,0.2799862531251733,0.3621560512503719,-0.0113526574403976,0.0485278879245311,1.333485183290982,75.5,69.97320829421996,74.25,0.0053698418861523,1.7657325450722503,58.84151395551578,63.58816810266974,6.577806565962674,57.27806863683616,0.0175777003421761,8188.0,4,0.003530000000000033,-215.00568947030382,1,-0.7805002331733704,3
yolo11m.pt,1,65W,32,7732.318359375,18.365001824324416,0.5260036625002158,0.3018175821203214,16.908647440392706,90.5,10.852676961227573,82.0,0.067817194611762,25.217947468063198,1.0,0.75759,326.2171909436986,8000.0,7266.433645521808,8000.0,1.1640699339608496,440.9774468578335,10.671302719895811,70.0,7.337387161119449,57.5,0.0464582642005135,18.173682926675014,5.996587565117208,50.7975,3.39207659135186,48.89675,0.0262607287389996,62.518,18.36500182432441,13.62125,43.01485,9.096705559031058,161.07067095772385,2377.5,2033.3523712170572,2377.5,0.2821421975374072,226.46305892163255,0.1141339207088562,0.5260036625002158,0.611358576249745,-0.0430547299999488,0.0615394787942741,2.031249373872974,74.5,69.06967210844566,73.75,0.0068698260715015,1.7628168167624367,61.91750629381123,66.13832863411412,5.899241753928226,60.97133146773597,0.0129103130647397,8188.0,4,0.0046000000000000485,-373.8344790757265,0,-1.8890557289123535,4
yolo11m.pt,5,115W,1,1816.684765625,25.5367301173315,0.0702263572656149,1.7934835981252464,21.272146875348117,45.0,28.58861621722497,41.5,0.0165493821691599,15.687463463151904,0.0,0.70313,15.957446808510666,8200.0,8196.013289036546,8200.0,0.0104234225887124,48.74559173676074,4.489027514759942,16.5,7.164138914265751,12.5,0.0034699868139645,4.306828180999961,8.00564911022613,118.756,1.455640020637559,22.759,0.0061638835846243,37.132,25.53673011733152,14.373,34.5753,6.648957887741605,199.62724184025865,2655.0,2266.9360090792507,2606.999999999999,0.1509932453960844,215.58669299060156,0.189068111080593,0.0702263572656149,0.0916629125000553,-7.520925484777156e-06,0.0132672718436645,3.628334911440348,72.0,66.83684951750209,69.5,0.003080513605858,1.91337703770386,14.507991191343326,16.174091056461755,1.659720950131311,14.239814522082511,0.0130914095927521,8188.0,2,0.1028,-94.2335929598247,3,1.9582353830337524,1
yolo11m.pt,5,115W,8,3520.50390625,34.858574592769386,0.1180505043749576,0.5137810515186456,40.00998203572518,82.0,28.01254183948384,81.5,0.0837449980100608,33.38174207337255,0.0,0.80593,0.0,8200.0,8183.4938101788175,8200.0,-0.0260462308730343,98.13898099275764,25.502067586347152,55.0,17.612330983230503,55.0,0.0531055604700159,22.192671240702577,28.619696624072127,115.0,2.0098967747166334,55.307,0.0616589474688688,69.964,34.85857459276938,14.657,67.87615,20.74855109668341,597.9502931905231,2655.0,2361.217563209481,2655.0,1.2733300790827644,314.8361078534509,0.2379083534901791,0.1180505043749576,0.1466627550003067,-0.0004647072978208,0.0283789515852176,7.452614988306273,80.0,70.61323570611567,79.0,0.0161202370978512,4.939748473679895,70.053811421663,80.60727901167891,10.338322841241862,67.81960443133538,0.0220126443749474,8188.0,2,0.0,-166.13688636093022,2,0.5128987431526184,2
yolo11m.pt,5,115W,16,4861.18046875,34.85582359243793,0.2145516300000394,0.4672715353214822,42.79285764082543,90.5,27.246859635382677,90.0,0.0905630457154853,35.3926662508308,0.0,0.7944,0.0,8200.0,8200.0,8200.0,-4.764128574470282e-15,0.0,31.415644171779142,70.5,20.183324631249185,69.5,0.066739451894697,27.674873843070856,30.4715102481874,115.3,2.225485796335011,62.657,0.0678113699158213,77.559,34.85582359243789,14.902,74.262,22.36439936524595,579.8204824316788,2655.0,2340.730371361441,2640.0,1.274903010281005,314.97045722871826,0.1611408734588315,0.2145516300000394,0.258972219999805,-0.0014743011069332,0.03481513324269,8.071894171779142,82.5,71.9050820171431,81.5,0.0171772221803052,5.208771725647897,76.0697032293948,88.71503772908943,9.176471569953076,74.6016322235414,0.0149132263981558,8188.0,2,0.01153000000000004,-231.13643384816896,1,-0.6374058127403259,3
yolo11m.pt,5,115W,32,7981.842968749999,33.097109080318376,1.0475370424999255,1.0744588405431543,60.18991661941067,100.0,46.78454762029426,100.0,0.0915998892422922,42.861123598691705,0.0,0.77828,0.0,8200.0,8195.53903345725,8200.0,0.0116053907078357,51.54298888457104,16.65367651691765,84.0,18.941303209592125,75.375,0.0322217942653757,25.794533391823173,21.066877239409408,115.0,2.719926381604365,75.0735,0.0354295478850202,90.03399999999999,33.09710908031834,14.9605,65.718425,17.629380392101027,584.5031819041019,2655.0,2404.747630766009,2647.5,0.9191006295316704,301.2876589543836,0.5111417482553405,1.0475370424999255,1.898527199999876,0.0788143973308265,0.6054942498203695,4.337649381471444,81.5,71.57029949212,79.125,0.0076104297042873,3.853629753422743,50.042025921000096,79.31688692310466,21.759542108448887,39.21520779375631,0.2810720170468884,8188.0,2,0.027650000000000063,-397.2594838234686,0,-1.894930124282837,4
yolo11m.pt,5,65W,1,1484.544366455078,24.98029064414069,0.0747239393749935,1.8665328134650296,22.99655120481928,43.0,27.662886419052,40.5,0.016315968783447,15.830130916226214,1.0,0.70313,609.7289156626507,8000.0,7764.359307183709,8000.0,0.4283057847487821,424.3907606180321,4.896189759036144,14.5,6.778234111692514,11.5,0.0033254707219693,4.125126622878618,8.827444683734944,48.057,1.7994135100001278,30.9875,0.005889422567258,44.9585,24.980290644140677,13.971,32.2615,6.25169524183624,61.00685240963856,2467.5,2102.799287443043,2347.5,0.0242863689700653,114.68222408134883,0.1739016092348339,0.0747239393749935,0.0956726749996959,-3.333047632969641e-06,0.0130290968687679,4.58144578313253,78.5,73.680263163825,75.5,0.0033850944130936,2.0449756464604087,13.609582600919689,15.257438079030887,1.4734403519448367,13.383555784027545,0.0118896336179186,8188.0,2,0.1028,-77.71651878078784,3,1.8640629053115845,1
yolo11m.pt,5,65W,8,3187.18359375,26.641321368939288,0.1396455850000165,0.4650140973239234,42.11507228013592,87.0,31.5645962866163,84.0,0.0853000563355532,35.14730636966034,1.0,0.80593,663.8109773656624,8000.0,7504.246650768169,8000.0,1.293749101595596,499.7707939272348,22.253023671024597,49.5,16.710428651619107,48.5,0.0443341607908616,19.268351175042007,15.973789595691988,55.787,2.2859412735404048,46.727,0.0321730413745667,60.874,26.64132136893929,14.147,45.27435000000001,12.675200382910695,4.308083280539107,2490.0,1977.1021100071152,2490.0,0.0112278102462047,295.4833456783921,0.2037173731461764,0.1396455850000165,0.167146940000066,-0.0003790187974651,0.0285005588229167,4.244039048551521,79.5,73.9308746080496,77.5,0.0082873844033373,2.5718793242468747,58.78951567825947,68.54845895441547,7.866399375535521,57.289194846785904,0.0181076774550324,8188.0,2,0.0,-150.16481764414604,2,0.5390021800994873,2
yolo11m.pt,5,65W,16,4529.07109375,27.39181507033348,0.2531016787499765,0.433333175068285,45.70761814446025,91.0,31.927343132606293,89.5,0.0978813737935539,38.33148465153068,1.0,0.7944,604.7099731310254,8000.0,7491.382171645329,8000.0,1.291297842621273,499.7565248322328,28.614256361624783,65.0,20.22776197249881,59.5,0.0617649672068121,25.279562295009963,18.013975185712027,51.758,3.021855366106541,68.614,0.0384425058060533,82.775,27.391815070333493,14.161,49.8525,14.5438485534262,62.6697486960644,2490.0,2021.9172000948315,2490.0,0.1274750379622575,305.06949266801,0.1255522040156828,0.2531016787499765,0.2814378750008472,-0.0011255795168856,0.0319928070336756,4.153168958432126,79.5,73.50522364469734,77.5,0.0084522590539232,2.606531457129252,64.10321964787656,74.69118745954742,6.706299586931172,63.23583605637632,0.0115190673048131,8188.0,2,0.01153000000000004,-215.70150139168715,1,-0.7422364354133606,3
yolo11m.pt,5,65W,32,7820.77109375,26.4007272605627,0.4881635875000938,0.4025956585952127,50.02694610778444,100.0,31.270878633793863,96.5,0.1045599699009355,39.70018786611448,1.0,0.77828,619.0412471147097,8000.0,7498.502994011977,8000.0,1.3722315004549586,499.9955179059653,35.41857625531061,78.5,22.0929774529154,71.0,0.0735941707055598,29.143359150590328,16.65903367008999,52.846,2.3061723987612863,46.7775,0.0371802331714549,60.9115,26.40072726056267,14.134,50.718875,14.227993247196109,43.27158532097826,2490.0,1987.2723756397816,2490.0,0.0292641395062644,290.78516800886644,0.0677708271744575,0.4881635875000938,0.5238781450001171,-0.0021361123684435,0.0333065514444889,3.706804268557853,78.0,73.02687502090791,77.0,0.0083682987155193,2.5875229564443445,65.85179842301606,69.28890151870706,3.618108477169152,65.56456115035454,0.0034807766581779,8188.0,2,0.027650000000000063,-379.2921695205624,0,-1.8731093406677246,4
yolo11m.pt,10,115W,1,1813.600791168213,26.85490761707233,0.069735605351572,1.8707561980196756,16.88552170603088,45.25,30.262626428000768,41.75,0.0079246066845808,14.173150904501332,0.0,0.68352,0.0,8200.0,8200.0,8200.0,2.855285228235909e-16,0.0,3.838108809136594,15.0,7.50586351079205,11.5,0.0018079715549858,3.8272815550196073,6.191826181136964,115.4205,1.3694566155384376,21.866,0.002871369071477,36.71975,26.85490761707228,14.85375,34.12685,5.779026293485061,145.99025409078706,2655.0,2288.9231640379485,2561.25,0.0705491982762886,182.05224530428328,0.1579577940353384,0.069735605351572,0.088035894999541,-1.6258390650049764e-06,0.0110212416348497,3.029355252152314,73.5,69.14116426091968,71.5,0.0014120578016886,1.7738318563217517,14.574147189492797,16.26632621453406,1.5895226694373712,14.349903527629088,0.0120207144124166,8188.0,4,0.15147,-94.44668778524363,3,1.9686139822006226,1
yolo11m.pt,10,115W,8,3609.8886291503904,39.372796468467655,0.1107155126562374,0.5448255895328084,46.09390202658316,82.5,34.83954626020177,82.0,0.0608751100622886,34.65321767535086,0.0,0.81302,0.0,8200.0,8197.188378631678,8200.0,0.0044304803693741,28.906421358893816,28.97005298191688,55.0,22.08878271073446,53.5,0.0384711723440951,22.624435318584457,33.34660384499767,119.003,1.797065338705805,56.10775,0.0439172483243699,70.72775,39.37279646846768,14.62,68.9424875,21.161722494513292,607.6339618336127,2655.0,2415.559921923007,2655.0,0.7951377484959969,305.99132492613813,0.1944030736425097,0.1107155126562374,0.1384862462505679,-0.0001386910162388,0.021578721667862,10.418358382798544,79.75,70.15232875175207,78.25,0.0138074732433901,5.798800824721297,73.85912051606846,81.93003171086572,8.983207730491733,72.26829290395231,0.014875540089945,8188.0,4,0.021970000000000045,-170.62797952687413,2,0.37001702189445496,2
yolo11m.pt,10,115W,16,4860.747546386719,39.10468887648258,0.2016856581248987,0.4928921546313007,43.65326641512307,91.25,32.64460433906402,88.0,0.0585997932434088,37.41714360974587,0.0,0.83499,0.0,8200.0,8189.446009802562,8200.0,0.0005493180225076,78.70812270563749,32.50980517304238,72.0,24.393645913392216,69.75,0.0439425982437786,29.416977164937705,33.209396944172845,118.485,2.2368616826973717,72.4725,0.0455102555897293,87.4155,39.10468887648258,14.943,75.93725,23.2032969949876,596.8687049165205,2651.25,2389.464091905332,2651.25,0.7965773347750392,308.85808358613133,0.1310237826671039,0.2016856581248987,0.2312415812499238,-0.0004669694122087,0.0264994317294298,9.335417628257218,83.0,72.51594224625244,81.75,0.012793889741944,5.743598170646079,80.40432165389086,90.04319888563128,8.277688635720848,79.34181951896423,0.0107567054535772,8188.0,4,0.0,-230.96623812659146,1,-0.5717470645904541,3
yolo11m.pt,10,115W,32,7974.9636328125,36.49506677719937,0.917315086499966,1.009115068811072,51.25537746214476,99.8,48.577120188607225,97.4,0.0502776248476034,41.5027063570657,0.0,0.83063,0.0,8200.0,8200.0,8200.0,-6.757452511006142e-16,0.0,20.846986393224974,86.6,22.575975924403487,76.4,0.0261365583406677,27.868619233743978,21.60638830562405,118.0308,2.6118818452648926,79.85499999999999,0.0253043283408029,94.9114,36.49506677719937,15.0564,73.7465,20.167290818962357,536.0752314894468,2655.0,2448.21798369876,2655.0,0.546570473351261,288.2510922536511,0.3952768679791793,0.917315086499966,1.4932857839995992,0.0126427030262748,0.4450985617011395,5.592976555554449,81.2,70.75667751141117,79.0,0.0069209568964297,4.615604810821883,57.21260024784251,81.34495069932719,18.090020595275696,49.24466716534386,0.2424834309561824,8188.0,5,0.0043600000000000305,-394.92373752418166,0,-1.912331461906433,4
yolo11m.pt,10,65W,1,1615.578134918213,25.41260193113626,0.0745727265625123,1.894947422107485,17.36504125975552,44.75,29.606875002342186,40.25,0.0071791304954104,14.16926754615598,1.0,0.68352,460.5232176869722,8000.0,7844.270270295475,8000.0,0.1931816129778951,362.5045457432516,3.622372107563427,14.25,7.137957641252957,10.75,0.0015073552809472,3.6111742111547303,5.346144368717532,50.2785,1.6446486639719184,27.94425,0.0023005593118659,41.8015,25.412601931136265,13.85725,31.8711125,5.362810404957093,-17.53123274139199,2493.75,2083.318702063614,2291.25,-0.0068149958004524,99.90692437073024,0.1550089242512441,0.0745727265625123,0.092110804999811,1.3637771535395617e-07,0.0115320045968839,3.763603479802821,78.75,73.9080887879361,75.75,0.0016215160844533,1.878290213908654,13.610583127050338,15.377816093176303,1.456581834108399,13.411929371672262,0.0114671744495889,8188.0,4,0.15147,-84.39425551374985,3,1.9861541986465454,1
yolo11m.pt,10,65W,8,3396.377850341797,29.525037296569018,0.1341952767187847,0.4952040524382866,48.73398580412669,89.75,38.25307185796005,85.25,0.0550898759464728,36.48273318748609,1.0,0.81302,679.3585775936933,8000.0,7582.125623738758,8000.0,0.7873665985267209,493.1128253696453,25.901619620847768,51.5,20.412309161720657,48.25,0.0289741461820813,19.926090620303437,19.69170665484972,52.8465,2.6553578032178446,64.191,0.0221586480083611,78.3985,29.52503729656901,14.2075,46.28326249999999,13.011203508314216,2.619186694989538,2490.0,1964.3671682479671,2490.0,-0.008183981664486,297.08356632381737,0.1663279121377031,0.1341952767187847,0.1655641049996347,-0.0001216706024777,0.0223455984869907,5.035869731692337,81.75,74.62815984372062,78.75,0.0059278323394673,2.7729524733446915,60.723546240241,69.40781846614797,7.079724384248139,59.62015283767707,0.0136724475306586,8188.0,4,0.021970000000000045,-160.79255485475744,2,0.5429733991622925,2
yolo11m.pt,10,65W,16,4674.926953125,29.691087970331164,0.2477740171874983,0.4597268102245487,50.32089471355895,94.25,37.60748952215513,91.0,0.0628770222795139,38.80686937507897,1.0,0.83499,689.3461531372111,8000.0,7548.639258830341,8000.0,0.827451933021246,496.2637159402744,32.22337618889626,67.75,24.250037637521714,60.57499999999999,0.0400723788236792,25.897241849070667,20.405464908229188,52.501000000000005,2.6133969055707515,63.481,0.0250884890827626,77.50075,29.691087970331157,14.01975,51.10085,14.597981801875903,55.21004064366287,2493.75,1988.4918541649436,2490.0,0.0507303855613013,320.26556591837635,0.1191883504558726,0.2477740171874983,0.2785128774992699,-0.000455009051512,0.0296011808662761,4.746993267529309,80.5,74.56249682907327,78.75,0.005882841277597,2.753175591225758,65.32614567060372,73.5573755121986,6.374475058206478,64.58049431335463,0.009631878231125,8188.0,4,0.0,-223.27952575334297,1,-0.7910510897636414,3
yolo11m.pt,10,65W,32,7896.164575195313,29.261675538090486,0.7383710231250007,0.68037877553322,50.50366831542526,100.0,42.73597678186226,97.5,0.0553937532340284,41.82308803152744,1.0,0.83063,655.0663633177091,8000.0,7596.848257602871,8000.0,0.7222392425946617,482.63154194394497,27.899010315492298,76.25,23.06372126919692,70.5,0.0346112801760273,27.727900026376425,17.982451802332402,52.397,2.69999873300195,65.00725,0.0205369567282265,79.14625000000001,29.261675538090493,14.139,51.328575,13.815048079576638,72.1910533154707,2497.5,2032.305831126716,2490.0,0.057966149591391,323.16157799712573,0.2045804720630205,0.7383710231250007,1.0572266362501068,0.0030799545755207,0.2457290445167223,4.147378990624123,79.0,74.29352638672222,78.25,0.0048273977499659,2.516429092245565,57.640821669076985,68.08407846693385,8.255011010015409,54.39846023610176,0.1014512869822362,8188.0,4,0.0043600000000000305,-387.26762935036226,0,-1.9388759136199951,4
yolo11m.pt,20,115W,1,1728.2201347351074,27.926750325566683,0.0680277711718868,1.899789622059778,5.394587285011676,46.0,32.88235351270295,41.0,0.0016697646038861,12.240880102622,0.0,0.75385,4.393816110658918,8200.0,8198.901545972334,8200.0,0.0011936745985217,25.64889501222164,1.360629918665977,15.0,8.130542002628577,11.5,0.0004137962261259,3.321708376090765,4.828854425934651,121.217,1.3387917482185672,22.849,0.001373003229616,37.3885,27.926750325566665,14.5395,34.1775,5.076531370138872,158.3612264999358,2655.0,2321.5401041689825,2565.0,0.0447683654719045,164.396255280209,0.1215978832169815,0.0680277711718868,0.0814845074991353,-2.078398783507261e-06,0.008269475111822,2.3358989731950146,73.0,69.0840562041364,71.0,0.000648179370591,1.5087806322893489,14.850713744436876,16.29779873856875,1.3530247334741603,14.699977410608827,0.0083006693061825,8188.0,2,0.11531999999999998,-90.39057061124274,3,1.9987013339996338,1
yolo11m.pt,20,115W,8,3526.762860107422,46.04109386750487,0.1110918923437594,0.6393287250657489,29.84668410791915,84.5,41.656401777121246,81.5,0.0212412261902966,33.707279026859425,0.0,0.85691,0.0,8200.0,8193.632075471698,8200.0,0.0072525420548575,61.48336567058591,18.665060726930488,58.5,26.21244215682983,53.5,0.013197332266534,22.44248083924849,23.97248898344015,117.681,1.6705434422257364,62.2235,0.0165300756799195,76.9485,46.04109386750487,14.725,70.449125,20.318841270466347,409.2199054362927,2655.0,2499.576101188478,2647.5,0.2924886109347691,262.9447799245029,0.1630933312527499,0.1110918923437594,0.1402528274991254,-3.425372014424258e-05,0.0181400612188537,9.192247792766544,83.5,74.97042864097227,82.0,0.0066423107030099,5.403326167699136,73.2270946768241,80.65868438521441,8.04482641292483,72.01411380272086,0.0121063528441526,8188.0,2,0.012260000000000049,-168.54746302480632,2,0.5982562899589539,2
yolo11m.pt,20,115W,16,4777.783581542968,47.14660167261118,0.1998009250000166,0.5887526004429215,45.66841752419633,92.0,45.638215198827,91.0,0.0285107095269295,37.82888696532841,0.0,0.86917,0.0,8200.0,8200.0,8200.0,-3.3585315637306186e-15,0.0,35.31883180702816,73.5,34.36987036846688,72.0,0.0219561710400546,29.986483185571718,27.820215999843786,121.825,1.9826179921801428,78.52600000000001,0.0190003544654847,93.471,47.14660167261121,14.945,79.4568,23.41980128493189,441.03914045261945,2655.0,2490.340881528553,2640.0,0.3217019015229324,268.36526245581723,0.1177637853449821,0.1998009250000166,0.2322663650002595,-0.000164793163454,0.0235711138520025,8.23017918627432,85.5,76.48196221521346,84.0,0.0058951999272976,5.520735684495575,80.97357895540131,89.43441761779651,7.771921222486346,80.08580497005917,0.0092748300694962,8188.0,2,0.0,-229.007418087914,1,-0.555372953414917,3
yolo11m.pt,20,115W,32,7950.05869140625,44.65735292395711,0.5608329093750285,0.771208430687214,26.778147238007477,100.0,52.45323204809873,99.5,0.0172821470090052,41.774853002631545,0.0,0.8636,0.0,8200.0,8200.0,8200.0,-4.301270588075108e-15,0.0,30.48179491117596,91.5,33.280346124780976,84.0,0.0221171354761234,33.66111989148722,27.58902522397993,123.144,2.177365541173698,81.873,0.0183418763313833,96.9645,44.657352923957184,15.0915,85.31694999999999,24.080305036474424,397.0496083550913,2655.0,2500.8714467816544,2647.5,0.2586607043569547,259.7701811778336,0.5018771900728416,0.5608329093750285,1.378068300000268,-0.007545446223043,0.3500988683280543,7.65096759330364,86.5,75.85672111543859,84.5,0.0051836958716215,5.2022938533575545,73.56125833557999,89.28596754834439,15.325376816765155,62.54580076130314,0.0764983092158533,8188.0,2,0.005569999999999964,-392.1369572191087,0,-1.713613510131836,4
yolo11m.pt,20,65W,1,1488.902467346191,26.42469489734024,0.074815684648438,1.9769889531344853,6.635523557051137,44.0,31.99107622083886,40.0,0.0016375304803505,11.88458490975193,1.0,0.75385,176.54500930934773,8000.0,7911.650155397518,8000.0,0.0458339541882241,283.7738647423006,1.3575213332420335,14.5,7.663566038919731,10.0,0.0003248152899869,3.096425050550997,2.3128891100742006,50.715,1.653370564161737,29.3485,0.0006055332136923,43.6915,26.424694897340125,14.343,30.782375,4.200176226324906,-5.2782859062022,2490.0,2074.126249210246,2212.5,-7.537761702621585e-05,76.14693317642093,0.1338299807094582,0.074815684648438,0.09166058000078,5.416770688262834e-07,0.0100071761099208,2.361143446556312,80.0,76.05272541875298,77.5,0.0005629660743505,1.4336852472991484,13.532833025870184,15.179779666338067,1.358270032200276,13.366507243362356,0.0100747312607704,8188.0,2,0.11531999999999998,-78.37411166350293,3,2.0051887035369873,1
yolo11m.pt,20,65W,8,3287.19609375,33.337520108660854,0.1327571745312382,0.5532475577718502,37.448495576027625,90.5,47.65383406461339,87.89999999999998,0.0220100450474808,36.10387209093564,1.0,0.85691,457.5325988901345,8000.0,7708.269746339452,8000.0,0.2779861588475293,454.558367348408,19.097851343593668,52.5,25.369702960439763,49.0,0.0112637195813854,19.984643548192352,13.144090652706772,52.483,2.5536784107923136,70.6535,0.0077638367208092,85.126,33.33752010866087,14.4725,49.3053,12.885528809518316,-4.28569475957465,2490.0,1957.8070700677708,2490.0,0.0016782220349753,330.5480576729132,0.1390715138797065,0.1327571745312382,0.164108985000439,-2.7905462977743665e-05,0.0184318819720282,4.373055684645038,82.5,76.99168118559817,80.5,0.0027947568469197,2.624601231558649,61.08692419242642,69.05796385584978,6.307051212486615,60.265447398665565,0.0106590919507769,8188.0,2,0.012260000000000049,-156.28265250049859,2,0.8029669523239136,2
yolo11m.pt,20,65W,16,4538.27734375,33.84754590775403,0.2442838790625273,0.516792440735709,39.60385026793234,96.0,46.707777253321,92.5,0.0245137075347645,38.63311446190064,1.0,0.86917,407.0737240270978,8000.0,7627.89582354007,8000.0,0.2615118031074048,482.5531537018571,24.82010293562906,68.0,30.09016878910454,63.5,0.0151298569236083,25.85027468338677,14.5531618342385,51.917,2.2421121130019825,61.272000000000006,0.0089629853627231,75.83449999999999,33.84754590775407,14.5625,52.5125,14.075575135428174,-64.24663728109397,2490.0,1963.8269508663527,2490.0,-0.0244139043512169,341.4132858350622,0.1007452707430871,0.2442838790625273,0.2775456749996464,-0.0001522110441089,0.0246342893089344,4.131449625101411,82.0,76.82760310572985,80.0,0.0025963330305969,2.5205665514795554,66.06301006760772,73.04013958332743,5.676292119219041,65.49902297050068,0.0074606911187084,8188.0,2,0.0,-217.41842406867602,1,-0.6111376285552979,3
yolo11m.pt,20,65W,32,7858.99609375,33.40492635317361,0.4863046212499625,0.507641862431577,40.06886113058441,100.0,47.71332477919167,99.5,0.0252087295050216,41.310742007577865,1.0,0.8636,499.4317336902254,8000.0,7677.743221603541,8000.0,0.3204057703462936,467.3298196424975,28.802609776304887,79.5,33.93714326731825,75.0,0.0176069149729644,30.54481559031529,15.08511733902662,44.475,2.1494986354516588,57.1845,0.0092364172997741,71.7705,33.40492635317358,14.586,52.58275,14.170259698475828,29.89803071824599,2490.0,1964.6808049824403,2490.0,0.0036320050835235,367.438788229767,0.059745858223683,0.4863046212499625,0.5177105700001903,-0.0004890789088112,0.0290798679254515,4.020616914154616,80.5,76.30265221393822,79.5,0.0025829579657273,2.4060387414373023,66.01735745649044,72.10012920018855,3.4710858383301737,65.80300886974258,0.0028696664678694,8188.0,2,0.005569999999999964,-383.23093693252935,0,-1.8260307312011719,4
yolo11n.pt,1,115W,1,1154.9748046875,15.581528758847128,0.0601415517187578,0.9364973555874528,12.444506242836164,33.0,10.991191389376263,32.2,0.0406022401927216,13.804977870877092,0.0,0.4819,15.286624203821702,8200.0,8192.380952380952,8200.0,0.0283339446199515,42.077565779761,1.0409598872099306,4.0,1.29054774730405,3.8,0.0037423395254537,1.3685564367274703,2.0484388204802046,116.1536,1.1999174025907446,5.1086,0.006435208985656,18.6938,15.581528758847128,13.5852,18.6116,1.9469826996872108,0.0,2010.0,2010.0,2010.0,3.535339574183033e-16,0.0,0.5726502798452564,0.0601415517187578,0.0774540269998737,-0.0002206457960402,0.0352367459676594,2.1480946825999383,57.8,56.08924743230625,57.6,0.0050977560288466,1.0259787555466118,17.765238471414733,20.19113491392652,2.5750890787038605,16.663901061395173,0.0213799530916042,8188.0,5,0.11175999999999997,-57.43520454361059,3,1.9861541986465454,1
yolo11n.pt,1,115W,8,1602.5203125,16.264190779112205,0.0922208025000571,0.1873959442340841,7.749445455930726,44.6,5.097757678422761,29.4,0.0342965413088657,11.589111327863858,0.0,0.59235,22.018348623853303,8200.0,8144.314011542205,8200.0,-0.1296329764778231,214.8192221053804,2.2613777537823454,15.4,1.7954900497832622,10.0,0.0105318315384695,3.897101774057536,3.899914705718795,117.1412,2.0434861987362885,19.2632,0.0148777194131916,33.224000000000004,16.2641907791122,13.9608,29.39409999999999,4.573799271431613,141.46207189171574,2661.0,2077.734262997248,2661.0,0.4941380732980105,194.3158000492664,0.5047139639946613,0.0922208025000571,0.1473524149998979,-0.0058079593529167,0.0490334654834819,1.4471854409029306,61.6,57.50985705258813,60.4,0.0054760257573049,1.2694356312603317,98.99592038790774,135.83773404233415,23.67951100966101,87.59503341770807,0.0610174344095355,8188.0,5,0.0013099999999999223,-58.72689383342125,2,0.6723659634590149,2
yolo11n.pt,1,115W,4,1362.91015625,16.054798245614013,0.0764250156249843,0.3067470516942557,10.833333333333334,40.0,5.868421052631579,39.0,0.0377568648097267,12.306939390280917,0.0,0.58282,0.0,8200.0,8200.0,8200.0,-2.9423610161625043e-14,0.0,1.956140350877193,9.0,1.99561403508772,8.0,0.0067723592772539,2.285533848762276,1.775517543859646,117.343,1.421444209442769,8.291000000000002,0.0079433667909885,22.821,16.054798245614037,14.53,22.52375,2.438991775375185,7.894736842105203,2040.0,2012.565789473684,2040.0,0.0184350372649304,8.389899200065376,0.6958097306727322,0.0764250156249843,0.1009194849998948,-0.0020992059567436,0.0531772695386797,1.1666666666666643,60.0,58.8859649122807,60.0,0.0031709048753848,0.6353445249905901,60.3032607456845,76.26256189827217,14.34221108067332,52.33888364024548,0.0565653693885017,8188.0,1,0.01083999999999996,-57.26136619411056,4,0.3404388725757599,3
yolo11n.pt,1,115W,2,1220.8193359375,16.16443813387424,0.0656503031250181,0.5306001316672235,9.284552845528454,34.0,7.626774847870182,34.0,0.0360642958163574,12.839256372658667,0.0,0.55542,0.0,8200.0,8200.0,8200.0,1.0943093241726861e-16,0.0,0.845528455284553,5.0,1.843813387423935,5.0,0.003766566231577,1.5159554594491749,1.6705447154471518,115.717,1.291476995804277,6.3050000000000015,0.0071167569434109,20.876,16.16443813387424,14.571,20.5358,2.135086842324192,0.0,2010.0,2010.0,2010.0,1.205094451278682e-15,0.0,0.6141900493543806,0.0656503031250181,0.0852299800001219,-0.0007035013232608,0.0403217629164849,0.3658536585365795,60.0,58.49290060851927,60.0,0.0016353166709763,0.6698750331972745,33.61492368171883,41.318623244991535,6.802501815002222,30.46444425688928,0.040951807349767,8188.0,1,0.03823999999999994,-56.75478895997049,5,-0.19854718446731567,4
yolo11n.pt,1,115W,16,2104.60859375,16.431956700052712,0.1327614474998824,0.136224288190794,6.401071764136863,45.6,4.139045464436544,19.19999999999989,0.0281709599031496,10.421176635142622,0.0,0.59366,-42.22222222222226,8200.0,8160.9959671811985,8200.0,-0.2904546596417369,185.62085164998848,2.2841866849691144,23.2,1.8888180503531309,8.67999999999995,0.0116540924989996,5.184836278409359,4.203963771853464,118.472,2.2408279599164045,22.8742,0.015966119792481,36.8256,16.431956700052716,13.9514,31.077789999999997,5.09275076906987,164.0217677443199,2658.0,2082.3348944409586,2655.0,0.5545046509355622,201.7257107575749,0.4579639371682926,0.1327614474998824,0.2399400149995334,-0.0195314464284922,0.0645295009308694,1.050016346952802,63.6,58.18167953624386,61.4,0.004360509919547,1.295785341187628,140.33455707430088,179.75667176798933,37.33047509980028,122.62340667253343,0.0778529220251223,8188.0,5,0.0,-73.3729946957558,1,-0.8037207126617432,5
yolo11n.pt,1,115W,32,3092.29296875,16.63047442474385,0.1987218687505105,0.1030525629673871,10.103821636744115,60.0,5.745601865329471,47.21249999999972,0.0409649045175692,14.388994158651268,0.0,0.58293,0.0,8200.0,8192.718446601943,8200.0,-0.0452997790091408,46.1675751965457,4.928904376566107,38.75,2.8784393219279085,27.39999999999975,0.021723280035451,9.095917311886648,5.314709908234017,119.304,2.550555940801821,28.34075,0.0193418345491506,42.43125,16.630474424743845,14.0905,31.694787499999965,5.750902979120098,232.1946681650395,2655.0,2089.9845853422244,2655.0,0.7031117418741673,203.85059003662872,0.2580804737965808,0.1987218687505105,0.2791960000005587,-0.0402633074998447,0.0580090446233363,1.3146341709851548,65.75,58.35301532742777,61.56249999999997,0.0053258238298507,1.5236226753227289,177.1655538453289,200.36536532026656,29.271003014740334,165.2035349342728,0.0483931266318452,8188.0,4,0.010730000000000017,-110.04380328464134,0,-1.8901183605194092,6
yolo11n.pt,1,65W,4,1357.05859375,14.700456211812622,0.0800569656250189,0.2942184794052949,11.51639344262295,36.0,5.270875763747454,34.0,0.0367644986562505,11.014614761166523,1.0,0.58282,450.8196721311479,8000.0,7270.875763747455,8000.0,1.3431412006459873,444.412065949708,1.762295081967213,8.0,1.894093686354379,8.0,0.0060550334087238,2.0285602690464044,2.7050409836065565,51.443,1.6829409675136506,12.330999999999998,0.0099831997356093,24.74,14.700456211812629,12.409,23.314,3.4991683369804583,0.0,2010.0,2010.0,2010.0,3.234655252449604e-15,0.0,0.6903563949984745,0.0800569656250189,0.1013572100000601,-0.0022481312500013,0.0552678381834048,1.2950819672131146,60.0,57.5132382892057,59.0,0.0038578940592183,0.8305078454197733,57.2053878962459,71.50546475530669,12.982726241102108,49.96442181852996,0.0515060125558237,8188.0,1,0.01083999999999996,-57.27482400548481,3,0.8894535303115845,1
yolo11n.pt,1,65W,1,946.33984375,15.038324300271674,0.0628718193749498,0.9452488238364504,12.535381417836954,30.8,10.296186222433644,30.0,0.0372866375081958,12.5947692121002,1.0,0.4819,551.1380858942896,8000.0,7422.339964562673,8000.0,1.472082368566036,493.32232469347656,0.7296368836102589,3.6,1.4821042124095305,3.6,0.0026828632819648,1.1117384293282118,3.1374997405505183,52.8838,1.3979836426215615,8.7728,0.0090043938720146,21.0256,15.038324300271691,12.2528,19.29667,2.978183448907991,0.0,2010.0,2010.0,2010.0,-1.2754144438292757e-15,0.0,0.3499896957938356,0.0628718193749498,0.0854431440001371,-0.0001667876604551,0.02217805542581,2.593730143977652,59.4,57.27709120383487,59.0,0.0061220691753862,1.2818968646514073,16.638467946755675,19.10992690778776,2.489179397442636,15.923975236501963,0.0225623012513421,8188.0,5,0.11175999999999997,-47.062472906630916,5,0.399496465921402,2
yolo11n.pt,1,65W,2,1230.1328125,14.90395963302752,0.0718224531249944,0.5352194710599644,14.0,34.0,7.620183486238532,34.0,0.0422194777699364,12.435402110684086,1.0,0.55542,522.0588235294117,8000.0,7352.293577981652,8000.0,1.51106314085268,477.6848468337022,1.3014705882352944,5.0,1.882568807339449,5.0,0.0043267377522639,1.470495394070021,2.699536764705881,54.382,1.9545141504172647,16.908,0.0096791264388606,29.13,14.903959633027524,12.222,21.242,3.377414752348264,0.0,2010.0,2010.0,2010.0,3.232997192046143e-15,0.0,0.6221682227600999,0.0718224531249944,0.0937725899997985,-0.0007446509065921,0.0446856480150483,1.580882352941174,59.0,56.78532110091743,59.0,0.0043724758781423,1.0243660548482625,30.73527404133951,37.553322711344,6.095999971568652,27.846445129343444,0.0393383131486416,8188.0,1,0.03823999999999994,-57.62771897610523,2,0.3972276747226715,3
yolo11n.pt,1,65W,8,1391.478564453125,15.069407788482906,0.1052029287499976,0.1979506628613903,9.120515238867,39.8,5.228110590993751,31.8,0.0327475055975239,10.695630305126745,1.0,0.59235,360.12424931363347,8000.0,7235.072699804199,8000.0,1.1471941095100886,423.77003854195056,2.474290565370835,13.4,1.960882163414695,10.4,0.0094292019240139,3.3761141087773927,3.603339173059406,48.4942,2.560073603473481,26.123,0.0135494283398661,38.5362,15.0694077884829,12.4132,27.43283999999999,4.848905554541593,95.8965958859233,2421.0,2045.8831091757877,2421.0,0.2490900278465512,112.26827818568364,0.5024492402068252,0.1052029287499976,0.1738311399998337,-0.0062175903235166,0.0546527858320965,1.4893647784020674,62.8,59.57389184032614,62.0,0.0044568894576038,1.061157085466898,87.19598320814775,122.74100316763445,23.27429704659772,76.55455137546849,0.0731489814390459,8188.0,5,0.0013099999999999223,-51.12851614656058,4,0.03032814711332321,4
yolo11n.pt,1,65W,16,1895.97734375,15.226819900000498,0.1456573350001008,0.1384759860899146,7.20854732494295,43.6,4.269350707910878,26.6,0.0264289260893312,10.318410078438708,1.0,0.59366,347.877018264441,8000.0,7214.235104802452,8000.0,1.089227285745881,408.8929564752769,2.7329216534054845,21.6,2.0330444666323744,12.4,0.0107203539834294,4.888412962775967,4.039853098454541,51.976200000000006,3.2248680535753684,36.363800000000005,0.0153330438268638,48.9038,15.226819900000496,12.54,30.420379999999994,5.932142780247662,121.06324753709012,2505.0,2049.95862346809,2505.0,0.2881495947376111,131.28763634292494,0.4471122989483571,0.1456573350001008,0.2575838450003356,-0.0207851957143572,0.0682610746931855,1.156606102626533,64.8,60.28892002323039,62.8,0.0035671453063569,1.1354208241580128,126.52455761698756,161.84896504853296,32.9974942679463,110.95042431963148,0.0744483698624159,8188.0,5,0.0,-66.08178586161071,1,-0.6560091972351074,5
yolo11n.pt,1,65W,32,2990.390625,15.688061125319695,0.2216752374997668,0.1087445407847633,14.766027280477408,63.0,5.841730605285592,43.5,0.0468227585683936,15.5494713505426,1.0,0.58293,317.26342710997505,8000.0,7207.129156010231,8000.0,0.9359509487553596,404.2256765468872,7.570929241261723,39.5,3.305381500426257,20.0,0.0250388071903397,8.985397839504763,4.542565430520034,51.867,2.773517638533369,30.703000000000003,0.015961590928904,43.527,15.688061125319692,12.824,32.3128,5.955438440806114,171.89514066496167,2437.5,2056.9789002557545,2407.5,0.3917356419256359,124.31686233220196,0.2237348552965867,0.2216752374997668,0.2994760849990597,-0.0377702649999263,0.0563491991311175,1.3075873827791966,67.5,63.5174126172208,66.0,0.0037021050472762,0.9846878702810486,156.51530528681417,173.1641660297604,22.225894175437976,147.54711175455785,0.0420200126183065,8188.0,2,0.010730000000000017,-109.96288906122855,0,-1.8660815954208374,6
yolo11n.pt,5,115W,1,1209.265313720703,17.54396716260245,0.0573686601562464,1.0063980997063695,21.417722023098367,34.0,22.1602481994776,33.0,0.0195991770494461,12.70674533083016,0.0,0.49867,0.0,8200.0,8200.0,8200.0,-2.9756159705861765e-15,0.0,2.146136997212266,4.0,2.332584446687107,4.0,0.001956261284258,1.3479263792769491,2.645605655117482,119.342,1.3090999092136697,9.09,0.0025368304158857,23.0225,17.543967162602478,13.9325,18.89835,2.054130359740391,-40.57258064516122,2332.5,2020.1186645213195,2010.0,-0.0267203033478467,56.22172121547414,0.1904637060735006,0.0573686601562464,0.0731283425000242,-6.578034355703748e-06,0.0109416034191679,2.324183592194345,61.5,60.05362365406647,61.5,0.0023556705383915,0.9849356905792136,17.750632205810327,19.995167083770944,2.0022406548584675,17.431583597323314,0.0127314474647217,8188.0,2,0.10569,-60.507549755618896,3,1.3318184614181519,1
yolo11n.pt,5,115W,8,1839.18828125,22.15700299892576,0.0772995318749735,0.2141271761686724,23.23703585147247,46.0,14.243455080767088,44.0,0.0658622084389189,17.756764120123695,0.0,0.60436,0.0,8200.0,8189.43661971831,8200.0,-0.0098226539475091,78.90781435344972,8.8739863422962,17.5,5.293969324421103,17.5,0.0250716171548234,6.888125047761502,13.918205505761843,115.0,1.83764764482516,26.446,0.0393136753716462,40.6995,22.15700299892576,14.2535,38.797525,9.820110802732495,436.71014724711927,2655.0,2249.972572014005,2655.0,1.2218484904914175,309.1144557868423,0.3157274795065164,0.0772995318749735,0.1006701849998193,-0.0002487584183067,0.024283294338123,4.183792146820313,68.0,62.822148285191375,67.5,0.0113637595895475,2.662639631233553,108.54896451044304,131.42306243627192,18.62807273176297,103.50644862951518,0.0294303796258671,8188.0,2,0.0,-67.55458037332318,2,0.5941917896270752,2
yolo11n.pt,5,115W,16,2552.1429687500004,22.64087994470976,0.0980402799999922,0.1386091948278397,32.02467138523761,63.5,15.265424729831617,57.0,0.0907542302902828,21.473432144844445,0.0,0.59674,0.0,8200.0,8175.395828097512,8200.0,-0.0482002632648419,169.97719762771487,17.00525783619818,35.0,8.007294546368435,32.0,0.0479841812981987,11.836771253412335,16.712738186720593,118.865,2.0622732443590968,32.367999999999995,0.0506096244950999,46.665,22.640879944709727,14.297,43.82185,11.525312654270197,435.32608695652175,2655.0,2225.762597386278,2655.0,1.3314090718500426,302.4355876215416,0.3399534121330658,0.0980402799999922,0.131443570000033,-0.001378290966232,0.033902941460496,4.153522076171214,70.0,63.334537572254334,69.5,0.0125292043401033,2.812585803806204,174.11744898375954,229.73132499697076,35.59416266809151,163.45829131083337,0.0421239499768527,8188.0,2,0.00761999999999996,-85.36268702766294,1,-0.6306912899017334,3
yolo11n.pt,5,115W,32,3681.26171875,23.300574474672107,0.1516757249999955,0.1103249897740245,29.06263252964737,77.0,15.158958607576425,70.0,0.0962991469470263,24.414822337772648,0.0,0.60002,0.0,8200.0,8187.421383647799,8200.0,-0.0388092396507086,85.95899151330761,19.04908505458258,55.0,9.698807956706158,48.0,0.0625872463995586,17.16042989958708,18.97280672268908,117.239,2.199561591371445,36.994,0.0612102400445997,51.2435,23.300574474672125,14.2495,48.677,13.204106183142564,479.9128249430612,2655.0,2219.182389937107,2655.0,1.5207251962887116,301.46280178661743,0.2308637540783302,0.1516757249999955,0.18032758499985,-0.003402097894741,0.0361269726046641,4.247310139008871,72.0,63.370018526644245,70.0,0.0132907427014001,3.0226974486042004,218.76678500341512,240.10098216718623,26.91523909435333,211.5360219397886,0.0175032880916887,8188.0,2,0.0043400000000000105,-127.59288569796506,0,-1.7510383129119873,4
yolo11n.pt,5,65W,1,749.7375,17.485348513594992,0.0610362388281174,1.0674723178185035,21.59489402697496,31.0,20.0543312020676,30.5,0.0174567372154817,11.845658593914909,1.0,0.49867,786.2032248250684,8000.0,7766.623240282819,8000.0,0.6312385810040734,422.95834507164057,2.091463002400027,4.0,2.2211312045972944,3.5,0.0016651359566962,1.2402210650288268,5.107766343846128,53.589,1.3400782656300576,10.9265,0.0041838535221249,23.4315,17.485348513594985,12.505,19.5795,2.737480773491108,0.0,2010.0,2010.0,2010.0,5.663896901551861e-17,0.0,0.188903838563491,0.0610362388281174,0.0773006750001513,-6.365121048021076e-06,0.0114678896411573,4.244118243585838,64.0,61.41337174249419,63.5,0.0039650832433667,1.6906416870191232,16.65895880890288,18.653332717330848,1.767155464298618,16.387857983274856,0.0112862555146606,8188.0,2,0.10569,-37.826691159096036,3,1.870527982711792,1
yolo11n.pt,5,65W,8,1379.3171875,20.590843051874263,0.0771819006249302,0.1985819742347301,26.309731162438467,50.5,13.836969897765997,48.5,0.067935175056111,18.28516368361744,1.0,0.60436,662.2491480499812,8000.0,7434.884986747444,8000.0,1.7439477185385617,495.7257822363362,9.403327338129497,19.0,5.086934399848542,18.0,0.024077932348539,6.696707565254225,14.204013962514196,50.999,2.034192077137301,28.948,0.036836236163822,41.8395,20.59084305187429,12.8915,35.973749999999995,9.25820559251004,310.0640145778116,2505.0,2157.38602210337,2505.0,0.792246047177575,205.9201885976084,0.3423536665276437,0.0771819006249302,0.1047032600002693,-0.0004542817481263,0.0269115729475296,4.413006436955698,71.0,64.85003313138962,70.0,0.0112921105075265,2.666543889446169,109.58730424691888,131.46887376540948,19.775853548469527,103.80132652377138,0.0331787311222599,8188.0,2,0.0,-44.00271433343087,2,0.541445255279541,2
yolo11n.pt,5,65W,16,2091.1546875000004,20.269110235567343,0.1070661187498671,0.1356075310431836,27.77742756027428,62.0,14.16623811103738,60.5,0.0766078473706576,21.682019171630493,1.0,0.59674,601.6091572660916,8000.0,7384.186297279362,8000.0,1.6686538404551476,486.00070669771736,13.919403892944038,32.5,7.156512663127627,31.5,0.0389213449687551,11.374857048183586,12.596191992921923,47.891,2.2041095150477874,31.55,0.0358050098931881,44.691,20.269110235567357,13.141,37.197525,9.420748381017596,106.10442932979436,2482.5,2074.531768414068,2460.0,0.3370380115201016,160.39699103546562,0.3469169951481957,0.1070661187498671,0.1534133599998767,-0.0015980216932388,0.0374946402695134,3.5644215881442136,71.0,65.74082061490822,70.0,0.0096811799671773,2.2217465770920053,159.43980224618144,204.4927256816285,31.734565688555595,149.5022764268281,0.0397442931575992,8188.0,2,0.00761999999999996,-65.7885465176218,1,-0.6137762665748596,3
yolo11n.pt,5,65W,32,3218.6296875,19.926264802534256,0.1713027275000058,0.1066549917170581,32.53476463104325,78.0,15.775136397527293,77.0,0.0949310730944548,26.387271480315118,1.0,0.60002,594.9427480916029,8000.0,7366.468497398289,8000.0,1.7567118832427366,481.6495393887381,18.489472010178115,48.5,9.277221317069516,48.0,0.0552066852117098,16.515585463023008,12.289485082697198,49.203,2.4358277795002934,35.24,0.0369146918038512,48.528000000000006,19.92626480253425,13.288,36.5625,9.28752239634169,135.17509541984737,2505.0,2048.2066042834545,2422.5,0.3152266654722029,196.69005186842847,0.1994169904490532,0.1713027275000058,0.1922760900000412,-0.0026689246240548,0.0351461944011522,2.68689567430026,72.5,65.91374311108656,70.5,0.0081516909921112,2.1529666620267145,192.20275102727211,209.94965920466663,19.49560647152202,187.1002028014733,0.0128703463111469,8188.0,2,0.0043400000000000105,-110.77973697531827,0,-1.7440869808197021,4
yolo11n.pt,10,115W,1,1168.563144683838,18.1722742023746,0.0566094945507663,1.0285991374265582,16.503689896511062,34.0,24.27404737072311,33.0,0.0087493136383422,11.429606286094778,0.0,0.46471,0.0,8200.0,8200.0,8200.0,2.819474585111404e-16,0.0,1.5700090339280406,4.0,2.448062456740083,4.0,0.0008352107410296,1.1836986769919515,2.61643788090352,115.0165,1.067823982692655,5.01125,0.001420129455315,19.4045,18.172274202374595,14.39325,19.320325,1.6629312852629052,0.0,2010.0,2010.0,2010.0,2.42443121188626e-16,0.0,0.1585789717361732,0.0566094945507663,0.0693406700004515,-3.0132564238044314e-06,0.0089380475127763,2.086460213905651,63.25,62.28292668604304,63.25,0.0011848369133402,0.9210697582108244,17.931618783539307,19.97834994530104,1.856911698250136,17.68318854663243,0.0108210798056469,8188.0,4,0.19593999999999995,-58.59447693091455,3,1.8639103174209595,1
yolo11n.pt,10,115W,8,1806.31025390625,25.376574891895345,0.0679372378125108,0.2154456103794237,24.72561217941037,48.0,17.271253724280136,46.5,0.0501983957919071,19.25799188167409,0.0,0.65898,0.0,8200.0,8184.319174306949,8200.0,0.0122418344238808,115.85592970206568,8.826221693915599,18.5,6.540634201877992,17.94999999999999,0.0180300518558555,7.252655178179068,17.453387553777596,116.8535,1.6493804679866235,27.20725,0.0337734521126655,41.838,25.37657489189536,14.63075,40.492175,10.78432899079371,526.7671312097143,2655.0,2321.8607124206314,2655.0,1.0145427819125057,320.6113283280788,0.2752690925378679,0.0679372378125108,0.089463506250422,-9.523297741215136e-05,0.0188274402441817,5.27175185533663,70.75,65.05475582524124,69.75,0.0099946419839437,2.9741556373511484,121.92941452818806,143.26637893002652,17.971320623231122,117.79748704952094,0.0218518372109027,8188.0,4,0.0016699999999999493,-62.58940604802483,2,0.5341531038284302,2
yolo11n.pt,10,115W,16,2544.3224609375,25.98841812879594,0.0891761925000395,0.1448305231001965,28.26444083675994,63.75,17.862038793395538,61.5,0.06463514242423,23.076612656113284,0.0,0.66065,0.0,8200.0,8183.979359791192,8200.0,-0.0052816846292157,117.45833078005332,14.647246359681173,36.0,9.286055952541748,34.0,0.0337273579907053,12.694594597362476,20.018099375689506,118.9315,1.8296709870583772,32.87025,0.043686810261793,47.5345,25.98841812879593,14.66425,45.264075,12.748416234699024,503.96109431637456,2655.0,2285.920746201125,2655.0,1.0960475520058723,317.575759840968,0.2822664515074852,0.0891761925000395,0.1158665687495158,-0.0003952234270999,0.0252658495892586,5.529887119073884,73.25,65.87073124749243,72.0,0.0117876808892057,3.414716971976631,187.22052705158,231.8648552340109,31.26249702659856,179.5548272934094,0.0280594974268613,8188.0,4,0.0,-81.14620029749096,1,-0.584398090839386,3
yolo11n.pt,10,115W,32,3730.6953125,26.81316529723856,0.1458458849999487,0.122144182121794,34.639107759583275,74.25,18.775859876027862,70.75,0.0782547995720906,25.8747710940396,0.0,0.62894,0.0,8200.0,8200.0,8200.0,3.3189646847399644e-15,0.0,22.659092958156105,52.75,12.095969821083846,50.5,0.0511847877858477,18.24846213884796,22.66427185365803,115.0,1.932218968880531,37.1565,0.0518276214179178,51.79575,26.81316529723857,14.63925,49.4674375,14.610286529689898,516.3030545471541,2655.0,2267.6089306420504,2655.0,1.1610250555482626,314.260170674029,0.1788170082833132,0.1458458849999487,0.1654799187497473,-0.0009038345497245,0.0264289484710909,5.338349355229054,75.5,66.47499375456886,73.75,0.0120116554833941,3.552367999047817,223.76939046005987,239.3156584375795,20.529287773083425,219.5104807631432,0.0095066321342329,8188.0,4,0.031709999999999905,-128.72874198522862,0,-1.8144276142120361,4
yolo11n.pt,10,65W,1,906.5626747131348,19.13078366220196,0.0617771798828204,1.1818077120024086,14.192777216507274,31.0,21.74761841482905,30.0,0.0068894533169778,10.362994167712657,1.0,0.46471,561.3478955401274,8000.0,7834.147134817689,8000.0,0.2763908870905037,371.9371518622679,1.4335270980957628,4.0,2.4138421659319635,3.5,0.0006839308939742,1.1209220803135866,4.116594194528148,52.1405,1.2968186022443815,11.66525,0.0020208432750198,24.8255,19.130783662201964,13.16025,20.832825,2.5699878340671933,0.0,2010.0,2010.0,2010.0,-6.563298924100396e-17,0.0,0.155811389278912,0.0617771798828204,0.0755072449997214,-6.527162943876575e-07,0.0096430059081448,3.767807504827236,70.0,67.87202240833847,69.5,0.0019281104345544,1.5426302094676327,16.432978072304735,18.548316653199223,1.768905557725724,16.197604905710723,0.0117183821057589,8188.0,4,0.19593999999999995,-46.22768136260411,3,1.9861541986465454,1
yolo11n.pt,10,65W,8,1543.499530029297,23.75932495433635,0.0744564767187028,0.2210968910617354,26.876993806142853,49.25,17.284114399917183,47.25,0.0466944873637149,18.74320314370159,1.0,0.65898,772.2779635858371,8000.0,7521.729924198259,8000.0,1.3495622559815306,499.4926713339371,9.36306619757811,18.25,6.176817176706461,17.0,0.0163515040802555,6.852259487286423,15.466795737433271,50.5805,1.7581714462895237,28.1875,0.0271814823802988,41.808,23.759324954336336,13.6205,37.130825,10.006460866614995,297.8034134789083,2501.25,2187.975759774562,2501.25,0.5245344653671958,204.3621133548209,0.2763338671537037,0.0744564767187028,0.0965470474994617,-9.76389837618222e-05,0.0206564057507515,4.767513683351112,75.75,70.94226564048543,74.75,0.0082390888059378,2.7225356139233963,111.35869173514288,132.55134000215526,17.000229421446235,107.4777350073026,0.0233526846107553,8188.0,4,0.0016699999999999493,-52.05962048557498,2,0.5892378687858582,2
yolo11n.pt,10,65W,16,2281.89765625,22.717855072822868,0.0969747481249725,0.1376807938070517,29.01917259855441,65.75,17.34451753675552,63.3125,0.0595536650160217,23.43757983373688,1.0,0.66065,747.0025577036888,8000.0,7464.005051694015,8000.0,1.486398648235325,498.6261587414034,13.297237480503943,33.0,8.33630887564737,31.625,0.0279134773080521,11.791333653091703,14.767175343651427,51.0375,2.0657210230785834,33.09375,0.0295332385731877,46.933,22.71785507282289,13.83925,37.086075,9.796268650352554,210.65645118719328,2501.25,2097.981645379308,2486.25,0.3702957493588095,189.4582079357012,0.2817794676839104,0.0969747481249725,0.1251934737497322,-0.0003876469643747,0.0274105240514857,3.956469298700988,76.5,71.05061728419079,75.5,0.0078505832560125,2.46093942013652,172.1306012357111,215.61615211342823,29.38162108410228,165.06056337129576,0.0292612734303624,8188.0,4,0.0,-71.39207032295815,1,-0.5449132323265076,3
yolo11n.pt,10,65W,32,3468.33203125,22.483046710539472,0.1699923750001402,0.1193769773777507,32.94515032193017,79.5,19.074790389176364,77.5,0.0713299812237299,27.49934278024664,1.0,0.62894,730.616855618425,8000.0,7427.569616431805,8000.0,1.47583953653372,494.7177858390716,18.77892971929264,47.75,10.965177262312206,46.67500000000001,0.0409220298741542,16.709419304446243,15.137048612478502,50.436,2.154384202540294,34.77575,0.030710792475756,48.653,22.48304671053948,13.87725,38.0065,9.986375596740745,35.34925261248105,2501.25,2034.977178802027,2497.5,0.1241810423121574,233.84596054686213,0.1751440534704047,0.1699923750001402,0.1951882362491913,-0.0008675552486003,0.0301961347324915,3.884803796258769,77.5,71.20242464832663,75.5,0.0074593269657241,2.303731075687164,191.9225252502333,207.11531144009004,18.03507677686365,188.3687270246763,0.0097675187212892,8188.0,4,0.031709999999999905,-123.65406846825896,0,-1.9082965850830078,4
yolo11n.pt,20,115W,1,1211.6254638671876,18.486841955700463,0.0564059615429682,1.042765181201666,5.384067907280443,35.0,26.825174391424348,33.5,0.0018386746719371,9.316258284626352,0.0,0.51167,0.0,8200.0,8200.0,8200.0,-1.4191371785020345e-15,0.0,0.5239203773888439,4.0,2.7253527791157737,4.0,0.0001687793685666,0.991822442415895,0.95644611421028,120.157,1.114946098654898,6.2715000000000005,0.000310428325303,20.6135,18.48684195570045,14.342,19.30645,1.2830721704925137,0.0,2010.0,2010.0,2010.0,2.4702799351115837e-16,0.0,0.1391604949729014,0.0564059615429682,0.0706947175001232,8.328872547576942e-07,0.0078511966384349,0.4782656011204338,65.0,63.91123643971768,64.5,0.0001534514807502,0.4777274823283921,17.96388042664855,20.062272286307525,1.8659996411083213,17.72868942325116,0.0107900139335202,8188.0,2,0.17373000000000005,-60.82609195309417,3,2.0051887035369873,1
yolo11n.pt,20,115W,8,1877.4569946289064,29.350101784511857,0.0687530182812366,0.2522033529340564,28.964634466622098,47.5,23.815651833225083,46.375,0.0241646313084335,18.63310803788314,0.0,0.66206,6.081081081081265,8200.0,8195.446880269814,8200.0,0.0114783306945029,52.06861760056527,10.8887761436348,18.0,8.823563631054885,18.0,0.00911653731884,7.278422328992624,18.673723175914425,118.865,1.4539100732947627,28.215,0.0164016238091423,42.6575,29.350101784511885,14.4425,41.344025,10.51788762190618,536.5411613026454,2655.0,2434.9815500628656,2655.0,0.4689925490394871,304.03376176563006,0.2367306893451472,0.0687530182812366,0.0904448774999991,-3.1464483719917334e-05,0.0163171894300329,6.695850444083657,73.0,67.57845431685328,71.5,0.0066199228636346,3.109139913048732,119.52910678425395,139.31094128232252,16.257352919556766,116.36471694099748,0.0185074616973268,8188.0,2,0.023340000000000027,-67.77079918449965,2,0.6172042489051819,2
yolo11n.pt,20,115W,16,2625.70859375,31.00266560164269,0.0895367996874937,0.1735313520997982,35.19878189300411,63.5,25.790522587268995,63.0,0.0356852200048246,23.589696492907628,0.0,0.6854,0.0,8200.0,8181.839835728953,8200.0,0.0206578973659797,144.48264989881022,19.046748971193416,36.5,13.798339835728951,35.5,0.0191891140061703,13.425137023406911,22.162215810699585,119.01,1.5609686860711465,33.781000000000006,0.0232157665581225,48.38,31.00266560164271,14.599,46.677800000000005,12.874754646288247,547.7437037037037,2655.0,2407.549974332649,2655.0,0.5823029349181987,311.5108539498738,0.2507165588348883,0.0895367996874937,0.1146794150001595,-8.508722437874336e-05,0.0223224511340755,6.675695473251032,75.5,69.12866324435318,74.5,0.0075655834781593,3.4776161700883894,185.399988508586,228.5234108530746,30.013615925212516,178.7462964463284,0.0262275503795801,8188.0,2,0.0,-86.9623404340943,1,-0.3643648326396942,3
yolo11n.pt,20,115W,32,3785.20078125,32.72245540215075,0.1432518149999907,0.1464648213103861,37.34489003397931,77.5,26.470562152272134,75.5,0.0425734776975534,28.76921343172382,0.0,0.68083,0.0,8200.0,8194.303797468354,8200.0,-0.0131962324270553,58.18311435206795,25.41000149359621,55.5,17.541020219558643,53.5,0.0290676164376719,20.991492465659203,25.62270124341884,118.725,1.6569027532692413,39.447,0.0300779661670293,54.212,32.722455402150786,14.765,50.9625,15.171981229117211,532.2867424666742,2655.0,2385.8108477091973,2655.0,0.6433161789775134,314.5382412954766,0.1706810425944165,0.1432518149999907,0.1698198099997852,-0.0004487301230658,0.0245660473062378,6.364241439826749,78.0,70.17645438930585,77.0,0.0075641679026442,3.8286136479440094,227.647270007389,272.98526492055873,26.38851744155548,223.41663799887675,0.01364102532275,8188.0,2,0.004569999999999963,-132.05224128348223,0,-1.6688696146011353,4
yolo11n.pt,20,65W,1,752.1118392944336,20.351855553476216,0.0613884451171912,1.2493391040186372,5.614749665567885,31.0,23.87712355472594,30.0,0.0016790224043006,8.5114739046639,1.0,0.51167,222.10059051949384,8000.0,7908.397814435573,8000.0,0.0664661856906828,288.4587839925776,0.5355413914754898,4.0,2.606366758835392,4.0,0.0001647314889852,0.972743495137634,1.8540816751817653,53.242,1.3050841145540937,12.4815,0.0005501110785663,26.5635,20.351855553476238,14.082,21.5443,1.976585728376322,0.0,2010.0,2010.0,2010.0,1.2137773227538993e-17,0.0,0.1333627477524202,0.0613884451171912,0.074835789999497,-6.574199146532361e-07,0.0081909248522478,2.214626121943432,74.0,72.71050549007884,73.5,0.0006546279493704,1.04939057604287,16.48373846805653,18.413814126078563,1.6336646398066927,16.289843222251648,0.0098310608197827,8188.0,2,0.17373000000000005,-38.84156866408905,3,1.9826419353485107,1
yolo11n.pt,20,65W,8,1417.2182006835938,27.65452210551946,0.0786000506250303,0.2717110954107847,25.021462595835413,47.0,21.82915430435078,45.5,0.0169258288372214,17.816898161900404,1.0,0.66206,789.0033117089324,8000.0,7679.019545670735,8000.0,0.5794739982729475,466.78330814426863,8.954076123939572,18.0,8.001871333771206,16.5,0.0060013416797205,6.62934010750015,15.482700721317425,54.13,2.177565094419616,45.67100000000001,0.01130426151501,60.1495,27.65452210551944,14.4785,38.162875,9.6370988869189,258.5320056253686,2490.0,2217.87944477159,2490.0,0.1931121263521383,192.9853718914936,0.2199260927065539,0.0786000506250303,0.1041384950005976,-1.221175024961002e-05,0.0172763360755994,5.499138048360017,80.5,75.71599325074175,79.0,0.0045883066541082,2.5758437050561067,104.69837365657185,126.3524959606207,15.393654114421292,101.7814749340716,0.0216531916924394,8188.0,2,0.023340000000000027,-48.625158185614055,2,0.615506112575531,2
yolo11n.pt,20,65W,16,2164.9234375,27.122618029739787,0.0986227603125427,0.1671336887379144,35.23258850648226,74.0,25.534173428735127,67.0,0.0332550349259447,25.326798290303078,1.0,0.6854,835.9782014896541,8000.0,7616.877190177345,8000.0,0.7851316963017965,486.12203645383335,17.72669251575595,37.0,12.623206219770555,34.0,0.0165036956470755,13.071093869159087,16.439589172695904,53.142,2.9653441385777017,65.686,0.0153914581538275,80.2505,27.12261802973978,14.5645,41.93775,11.111325000596672,101.45600991325888,2490.0,2112.491081064876,2490.0,0.1104510929796793,212.94381998637388,0.2403975657147102,0.0986227603125427,0.1259439725000901,-0.0001331933211504,0.0238017005806817,4.661383592490438,80.5,75.71767031751742,79.5,0.0047664100849225,2.5134809446980357,167.9868668030224,204.45668840131384,27.01726177254425,162.26238213723823,0.0258931875932844,8188.0,2,0.0,-67.70424264275049,1,-0.5580698251724243,3
yolo11n.pt,20,65W,32,3323.7046875,26.531771294422064,0.1673147981249257,0.1386625570345147,33.893059532331186,81.5,24.88832707860511,77.0,0.0356573426104193,29.15488107133946,1.0,0.68083,766.8814125507038,8000.0,7575.890392625926,8000.0,0.7759212777820483,494.206626808847,19.399054521593893,50.5,14.161748387060795,47.0,0.0202922535964902,18.3837550513377,15.904439975542823,52.325,2.573967327601993,53.9705,0.0158910700761794,68.535,26.531771294422047,14.5645,44.117024999999984,11.201848611568964,-5.636408375089442,2490.0,2037.872502523267,2490.0,0.0808975325694122,308.7992909913537,0.1652773250680285,0.1673147981249257,0.1947962050000569,-0.0004310703885376,0.0278372314844192,4.331543784299697,81.0,75.51234913837169,79.0,0.0047072841362148,2.3911220402244124,195.0113323789589,235.9055683869196,23.108450589036387,191.31024020227795,0.0144481592990162,8188.0,2,0.004569999999999963,-116.75215070264325,0,-1.759643793106079,4
yolo11s.pt,1,115W,1,1411.58056640625,17.29126233783204,0.0595971550780393,1.0304430079478497,13.467375275311989,37.0,12.786005086040229,36.0,0.046221737423976,15.594355154697404,0.0,0.64549,0.0,8200.0,8200.0,8200.0,-8.092395865050145e-15,0.0,1.7274135319009307,8.0,2.228619635517452,7.5,0.0070668356036962,2.770118837945461,2.5029425530780616,119.758,1.2683664469362768,7.157500000000001,0.0086909068492852,21.93125,17.29126233783203,14.77375,21.464225,2.8144861295843477,0.0,2010.0,2010.0,2010.0,-2.3200364475093638e-15,0.0,0.3362760156912059,0.0595971550780393,0.0805396550001659,-0.0001538272062688,0.020344600565266,0.2511556576553353,65.5,64.69741121937989,65.5,0.0010966681895583,0.6222327870253591,17.52358192835511,20.131765158558352,2.5984393942316792,16.80242051819623,0.0222961075276303,8188.0,4,0.05255999999999994,-70.73093686620325,3,1.9861541986465454,1
yolo11s.pt,1,115W,8,2089.6015625,18.271033033394037,0.0958351906250242,0.218725648489402,7.7414909981915745,56.5,6.735570228232228,45.75,0.0432419328794076,15.04999904993432,0.0,0.69795,0.0,8200.0,8166.078772630437,8200.0,-0.1554689796021731,170.0025886115667,3.052658258373578,31.25,3.004649515675996,20.75,0.0202004203793054,7.669253796647688,5.080775508611643,116.56,2.65133915118672,33.883,0.0243117669317248,48.440250000000006,18.27103303339404,14.55725,39.09782499999999,7.673040852539591,178.01267565624755,2655.0,2106.511330449791,2655.0,0.697696446417859,217.07823092159947,0.4212025675607238,0.0958351906250242,0.1453802312501011,-0.0050696216912141,0.041910966442257,1.1799171940948163,70.5,63.71453993902094,68.0625,0.0056679053735738,1.7582740666308698,92.8115232564505,127.353080933409,21.97293918549276,83.9281029662549,0.0585865047660765,8188.0,4,9.999999999998899e-05,-84.78296714514175,2,0.6489443182945251,2
yolo11s.pt,1,115W,16,2921.28125,18.37823664599612,0.1509821281251788,0.1730158243382685,9.784558813440905,61.5,6.573116663377716,33.0,0.0443404660878151,14.79304400893736,0.0,0.69805,0.0,8200.0,8192.600896860986,8200.0,-0.0390571766632128,46.52939086687335,4.81298781208575,43.75,3.6588457329141697,19.25,0.0252620841907686,9.921665121564278,5.657832815969675,117.0535,2.8517093564580507,37.8655,0.0273157906843722,52.395,18.37823664599612,14.5295,41.49572499999998,8.412968427977097,197.0254589465285,2655.0,2101.5702476699043,2655.0,0.7394683588936571,220.04043666352985,0.3236917295872094,0.1509821281251788,0.2375448862501683,-0.0166582806547076,0.0524999999437924,1.147602483282249,70.75,63.063468172667726,66.5,0.0052395208653739,1.736300916273464,116.57620062564266,141.66559033596604,24.08058526104865,107.67891477369432,0.0515137274453524,8188.0,4,0.0,-119.27385906169054,1,-0.5992569327354431,3
yolo11s.pt,1,115W,32,4562.37109375,18.94014981606056,0.2596488000000931,0.153415078274932,13.987848084979188,71.5,7.51643674616482,59.86249999999998,0.0554384877525448,18.922801881962105,0.0,0.69445,0.0,8200.0,8193.166287015945,8200.0,-0.0368067355616939,44.75951588285963,9.13975344373035,56.75,4.99237793254607,44.76249999999996,0.0387217275552324,14.431543828564497,8.960382150440026,116.866,2.990651297231766,42.179,0.0359395974746836,56.644,18.94014981606056,14.465,42.501525,9.138054590960936,464.8153877031051,2655.0,2163.809416694012,2655.0,1.5076171836263383,272.8119564225027,0.2074541233572727,0.2596488000000931,0.3422602075009308,-0.0422104050003553,0.0591972520274416,2.225129777400753,72.0,63.13628359541698,68.25,0.0087530407433356,2.2120579090912065,131.3208520207404,147.1484883901432,19.281510517970837,125.50405991176518,0.0352552040336178,8188.0,4,0.0035999999999999366,-196.14974165878863,0,-1.9250288009643555,4
yolo11s.pt,1,65W,1,1149.4638671875,17.919932253169062,0.0650362892578932,1.1652726763253,12.1234963978197,34.75,11.245784515930715,33.0,0.0381478452377283,14.318917474541886,1.0,0.64549,495.1696169661411,8000.0,7439.412298908534,8000.0,1.3593783777349415,496.2953536802208,1.815461158543073,8.25,2.2269017426432125,7.75,0.0066841238735665,2.7692546415601496,3.965614642603644,50.3935,1.4978242266363997,12.6865,0.0115584972764032,26.84675,17.91993225316906,14.16025,23.327625,4.002191116961992,0.0,2010.0,2010.0,2010.0,1.1547639170031065e-15,0.0,0.3099698609995926,0.0650362892578932,0.0857011662502372,-0.0001313603975209,0.0202786409091023,0.6012661168779196,73.0,71.31424627513923,72.75,0.0021284382030063,0.8774766173692159,15.978191782039772,18.43350133093184,2.293824473434263,15.382580474561738,0.0207435059226236,8188.0,4,0.05255999999999994,-58.239654892957205,3,1.8997938632965088,1
yolo11s.pt,1,65W,8,1820.41015625,17.86033552720066,0.1055677296874932,0.2355421998727953,9.499610799539834,57.5,6.9293767461678994,43.5,0.0391845005440189,15.24900463894343,1.0,0.69795,350.5219760466737,8000.0,7236.673466602799,8000.0,1.1891785866227722,424.8902724691957,4.036970381897366,28.75,3.061819637844221,20.75,0.0178725361515506,7.263163154542448,5.219530514693494,51.9505,2.507764463636957,30.829,0.0215173635493507,44.7595,17.860335527200675,13.9305,36.40993749999999,7.154270283562656,103.3304552107728,2501.25,2055.271908168835,2437.5,0.3086476634743945,137.73501469996546,0.4060310627930557,0.1055677296874932,0.1602249937499208,-0.0052224259926172,0.0447312932479334,1.2188482219894006,75.5,70.18847826062739,73.5,0.0044377163636268,1.4407710073004742,84.14138636847888,118.38440540533443,20.56595260893006,76.31806817485318,0.0621058137436236,8188.0,4,9.999999999998899e-05,-73.48319801820425,2,0.566718578338623,2
yolo11s.pt,1,65W,16,2649.47265625,17.286863924649328,0.1682696281246762,0.1817961192626841,10.322855354338216,64.0,6.615174075198681,37.75,0.0416862475337843,15.647791242148582,1.0,0.69805,314.147749225991,8000.0,7230.963797281391,8000.0,1.0274444810058774,421.1273684548543,5.427679678052256,40.0,3.7678739846436864,21.25,0.0234465157250945,9.426243128002904,4.741302259743487,47.557500000000005,2.8838137383937417,36.098,0.0193258759082746,49.872,17.286863924649335,13.774,36.4286,7.142383356054149,105.9938995017236,2497.5,2039.1371461896488,2418.75,0.2204634298677807,129.38090937835386,0.3003428439936982,0.1682696281246762,0.258009858750006,-0.0155245848214755,0.0541015977026856,0.7876924987580729,73.75,69.50591990473404,72.25,0.0028873344801016,1.1895379451423378,103.00990758017798,121.86074562855836,18.554354161961225,96.23102171085132,0.0404364403216144,8188.0,4,0.0,-108.7903854766394,1,-0.7856736779212952,3
yolo11s.pt,1,65W,32,4295.14453125,17.251145522835063,0.2808125125001197,0.1511863623212393,18.471915976535545,80.75,8.555562694920589,68.75,0.0605760130399787,21.54858860215089,1.0,0.69445,357.5393507458725,8000.0,7208.763176584865,8000.0,1.1335014606404563,406.0689604750056,11.303376333811116,56.25,5.301721805660388,43.5,0.0382927217222632,14.430233923130672,6.078151962560389,50.2085,3.567356118684716,47.90175000000001,0.0234454073556947,61.5455,17.25114552283507,13.64375,33.9295875,7.303481036426948,256.956143494187,2505.0,2069.070952765476,2505.0,0.6404040801271315,199.68646715203192,0.1775822612286766,0.2808125125001197,0.3540524637511679,-0.035353745000384,0.0533610060605046,1.1776005998832098,73.5,68.61524466889318,71.25,0.0039659739809269,1.2970883392849135,119.31594399164192,130.541993393317,15.383237963273569,114.80379138046294,0.0289522593784596,8188.0,4,0.0035999999999999366,-185.49179280521167,0,-1.891709566116333,4
yolo11s.pt,5,115W,1,1460.5167358398437,19.115826220838727,0.0564999861718909,1.0800057318725027,25.564894464356826,38.0,25.205113186286,37.0,0.0224218716092815,14.98498599965662,0.0,0.67183,0.0,8200.0,8200.0,8200.0,-3.4250627253181488e-15,0.0,3.808791318199921,8.5,4.293592618625253,8.0,0.0033059340036635,2.6730670118204296,4.515994195539629,121.645,1.1294973110248718,7.3875,0.0040564802730913,21.59,19.115826220838777,14.2025,21.1286,2.6080354360531155,0.0,2010.0,2010.0,2010.0,-9.921002930126293e-16,0.0,0.184702510049443,0.0564999861718909,0.071347685000137,-9.337367128086907e-06,0.0104573012372929,2.365452011150932,66.0,63.98313083642935,65.0,0.002427787223484,1.0694773583420203,17.967742022112855,19.80120773429566,1.7550792127056625,17.699557782843485,0.0095871109744979,8188.0,2,0.04919999999999991,-73.45563732339076,3,1.9826419353485107,1
yolo11s.pt,5,115W,8,2345.67734375,26.65661975900069,0.078344486249989,0.260983194706842,26.290719696969692,62.5,17.06731303750695,59.5,0.0725422443914231,22.929442624942023,0.0,0.72103,0.0,8200.0,8178.280631764821,8200.0,-0.0036090116965474,159.9360615765276,13.990530303030305,35.5,8.754834701285112,33.5,0.0388366850180725,12.761703723440322,20.461914772727276,121.82,2.009955411782605,39.2445,0.0569190747365961,53.5645,26.656619759000687,14.32,51.0337,14.264428309001929,486.8087121212122,2655.0,2287.30289231876,2655.0,1.3471298007592298,318.0306673187646,0.3286674244322863,0.078344486249989,0.1036890599995558,-0.0004243313537263,0.0259284406966821,5.246527777777779,72.5,66.04482848827703,72.5,0.0142671435937954,3.4988279267591937,107.26132459520346,130.31248771964988,18.44159376737509,102.13744545550132,0.0296499000047602,8188.0,2,0.0,-94.63961947854982,2,0.5947561860084534,2
yolo11s.pt,5,115W,16,3335.4168457031246,27.13343450570689,0.1202401474999532,0.2037314586493445,36.06088723930718,77.5,19.2052000145863,74.0,0.1021906427141627,27.87426794071947,0.0,0.71807,-43.90243902439033,8200.0,8156.313313641833,8200.0,-0.138720780525352,214.4574155970556,23.707758925415344,56.5,12.88514021077198,53.5,0.067144892383409,19.804670898451484,22.530987451396257,119.6,2.3231627391662224,48.51350000000001,0.0666557817782843,63.014,27.13343450570689,14.5005,58.1965,16.44341586596655,470.41887592788953,2655.0,2255.55888305437,2655.0,1.3652696481835167,309.4172127233487,0.2946726195596613,0.1202401474999532,0.1586830425000925,-0.0014681770075025,0.0357901813849922,5.311947684694239,76.0,67.12610582357874,75.5,0.015737029216024,3.930755932186967,139.43946456232055,168.93740763678008,23.001985866446795,133.22224787879148,0.0274548006111521,8188.0,2,0.0029599999999999627,-134.94449427323087,1,-0.5218537449836731,3
yolo11s.pt,5,115W,32,4708.04296875,27.568601115760096,0.2195848600000089,0.189060160958178,45.59114414996768,86.0,21.266527998204523,82.5,0.1234524978893686,29.962710093855527,0.0,0.71163,0.0,8200.0,8200.0,8200.0,-3.320220649755569e-15,0.0,36.687588881706525,71.5,16.43873338783886,70.0,0.0985902609998334,24.50052784354299,23.827438106011638,119.96,2.388002034018605,51.3515,0.0738006861209239,65.8175,27.56860111576011,14.466,62.2191,17.143629923042987,577.8446994182289,2655.0,2277.097280334728,2655.0,1.7131102116453154,315.6056516363608,0.1719696088115325,0.2195848600000089,0.2526080075001119,-0.0030688935338548,0.0384087690001927,5.425145442792505,76.5,66.97000993924237,75.0,0.0162729757398627,3.9341179266869983,149.00890671040696,161.76933294306383,16.02728910217648,145.86889229644842,0.012868546471106,8188.0,2,0.009399999999999964,-199.91300108329352,0,-1.8137662410736084,4
yolo11s.pt,5,65W,1,1001.2859375,20.29482100260773,0.0621172393750114,1.2610547275689887,23.04092204092204,35.0,22.664127530092564,34.5,0.0185415312482904,13.474344935631615,1.0,0.67183,731.0970279720282,8000.0,7762.718482181706,8000.0,0.5767113406352717,424.9179187095755,3.769874222999223,8.0,4.147622427253371,8.0,0.0029339866278044,2.619536289090105,6.381981902356901,54.538,1.300037307030192,12.6455,0.0051424950053744,26.3805,20.294821002607694,13.735,23.031,3.612462356017997,0.0,2010.0,2010.0,2010.0,-3.125439307343779e-16,0.0,0.1885852011389833,0.0621172393750114,0.0784114650005902,-4.310558251108392e-06,0.0116383913149528,3.2878099909349885,73.5,71.16401193506083,72.5,0.0029559213497985,1.3982143560983542,16.383353558758216,18.57460719043381,1.7864111086732133,16.107349502518847,0.0120283236677929,8188.0,2,0.04919999999999991,-51.325458325026666,3,1.9686139822006226,1
yolo11s.pt,5,65W,8,1884.7546875,23.43288358000452,0.0835867181251046,0.2447422726000637,29.504647526386652,68.5,18.880012081854566,66.5,0.0772967186766927,25.802826489321195,1.0,0.72103,624.0715805933196,8000.0,7425.200375400481,8000.0,1.6126281837112804,494.2627422646808,13.687660165921036,34.0,9.034816237149546,32.5,0.0361855378347695,12.6973317193335,14.503434109368891,53.698,2.7873828704496946,51.263000000000005,0.0375141238580834,65.2685,23.43288358000453,14.0055,40.524625,10.98236547246448,111.94164531121032,2497.5,2072.241682937617,2430.0,0.3079714841270741,183.5090332133409,0.3112121734068713,0.0835867181251046,0.1097786474997974,-0.0003739491860049,0.0263575122259407,3.517091604048126,77.5,72.15554039330752,76.0,0.0086998937555314,2.254013746856467,100.29071316357516,120.89347351865048,16.745089111813307,95.79152403168126,0.0281443835177347,8188.0,2,0.0,-72.53014223949698,2,0.6129540801048279,2
yolo11s.pt,5,65W,16,2873.5796875,23.112508742750947,0.1377083600000332,0.1988948279556796,27.666877678223607,82.0,19.08423429422376,79.5,0.0811727871714488,29.57802290409856,1.0,0.71807,606.4472146474482,8000.0,7429.384541811446,8000.0,1.6659087185261532,494.9727608803531,15.588892676275808,48.5,11.0534114435149,46.0,0.0463753710842266,17.619899408050202,14.702344419555905,53.61,3.329092087330788,62.8995,0.039849660034371,76.935,23.112508742750947,14.0355,41.5474,11.640421205261202,14.327644137125048,2497.5,2001.8903077593616,2490.0,0.0585389973495324,248.3700535593792,0.2227617453629436,0.1377083600000332,0.1569606400000792,-0.0011300772889296,0.0311610859539072,3.101309894818854,76.0,71.5814996307372,75.0,0.0078644757922213,2.0443030766745043,119.95205197288269,143.14489215846726,16.607502964821478,116.29402295148118,0.0201105161546141,8188.0,2,0.0029599999999999627,-115.72482611238094,1,-0.5705695748329163,3
yolo11s.pt,5,65W,32,4245.4296875,22.278069456848872,0.2641229249999923,0.1837673241219882,38.1718137254902,88.0,20.905852378388964,85.0,0.0971954015672842,32.15933000882079,1.0,0.71163,614.8039215686272,8000.0,7400.953986003719,8000.0,1.6840864547618952,490.08892770701976,23.33691176470588,61.5,13.152596469120097,58.5,0.0603633337447325,21.81040149976253,13.199460196078434,47.905,3.1254207124545603,55.6335,0.0362924186923203,69.65100000000001,22.278069456848883,14.0175,43.881600000000006,11.264179190705624,114.51323529411752,2490.0,2008.9252746647744,2490.0,0.1690275921862184,297.4781111451201,0.1233381743564213,0.2641229249999923,0.2986826224996549,-0.0019894122556573,0.0330723810101638,2.931029411764712,76.5,71.53306988352745,75.0,0.0075211408295539,1.8391745809058573,122.7631677304918,132.25218869451805,10.47961484190936,121.25314661271388,0.0083661249351782,8188.0,2,0.009399999999999964,-182.57990122824052,0,-1.759792685508728,4
yolo11s.pt,10,115W,1,1415.470224761963,19.80007311360574,0.0566709651757797,1.1220580949659775,17.67091082781552,37.5,26.733415045369064,36.75,0.0090308393050322,13.188573834815053,0.0,0.65367,0.0,8200.0,8200.0,8200.0,-2.114422570089849e-15,0.0,2.779208440409638,8.5,4.483692597821581,7.25,0.0013993936122312,2.335351094665965,3.4292475993040457,118.416,1.1066943449930895,7.321499999999999,0.0017972107905936,21.913,19.800073113605688,14.5915,21.4249,2.300371139498492,0.0,2010.0,2010.0,2010.0,-1.1927533683863683e-16,0.0,0.1545945249665364,0.0566709651757797,0.0696512574994243,-1.3181559263171117e-06,0.0088026892097008,1.9877082093738672,66.25,64.95437461556203,65.75,0.0011102131912303,0.9451088171524268,17.88884788365087,19.87843820166831,1.8087273206046797,17.653391213424587,0.0103231729440023,8188.0,4,0.11351,-71.4288668081525,3,1.9987013339996338,1
yolo11s.pt,10,115W,8,2327.94736328125,29.874406671367048,0.0754092651563311,0.2815465255226048,32.58997957535136,63.25,22.728097893514867,60.75,0.0568276177982729,24.750832655575707,0.0,0.76718,-14.563106796116472,8200.0,8183.438293495033,8200.0,-0.0126206895504886,119.01442826581814,16.843564599661548,35.25,11.75780186704977,33.5,0.029551615421148,13.65291931654146,22.838390959293854,117.685,1.815207090809993,39.47775,0.0390739528446672,54.21275,29.87440667136704,14.735,51.564625,14.694849193046434,529.4763719535575,2655.0,2347.3047102000573,2655.0,0.9022863903567012,316.58204941343047,0.2587012126775697,0.0754092651563311,0.0990639662505372,-0.0001078300979657,0.0195516298828777,6.591187211460298,75.75,68.504494552256,74.75,0.0111877787232917,3.901475586248111,109.8601631258325,130.53797648109514,16.948840670359502,106.11039270698848,0.0238378845240123,8188.0,4,0.0,-93.52657235337608,2,0.5329095125198364,2
yolo11s.pt,10,115W,16,3327.40703125,31.49680781957784,0.112536415624973,0.2213859470973411,35.984679080133475,79.25,23.571206200956446,76.75,0.0708774860208625,29.323043986318037,0.0,0.76543,0.0,8200.0,8189.012679933216,8200.0,0.0028052416647129,79.78126809642406,24.60871183823896,57.25,15.609000341893072,55.5,0.0481236903912013,20.9863253837312,26.714605546839984,116.7795,2.017648334760522,48.66325,0.0515751229111948,63.5265,31.496807819577853,14.86325,59.5825,17.606930126845686,527.1599815105335,2655.0,2317.3890845249,2655.0,1.0131922031123843,315.75377050262216,0.2198762769637559,0.112536415624973,0.1380336887505108,-0.0004218101453356,0.025016133178976,6.921626637282731,79.0,69.63191051994623,77.75,0.0132147210344121,4.389894833072624,146.4348898673175,170.7493386754855,20.24234211417953,142.28739566028133,0.0195888195617537,8188.0,4,0.0017499999999999183,-133.13335021028897,1,-0.5489755272865295,3
yolo11s.pt,10,115W,32,4670.676171875,31.13962628187979,0.2154345556249779,0.2095840093865736,35.67269359618606,86.0,21.85726081321331,84.5,0.0653883888987188,32.57382574460526,0.0,0.75562,0.0,8200.0,8200.0,8200.0,3.922720479532736e-15,0.0,27.99845702873341,72.0,16.872200576199223,70.5,0.0515449612805257,27.170979675091097,26.175474193617664,117.0895,2.315237648294356,56.813,0.0491452502523799,71.85499999999999,31.13962628187979,15.042,64.12675,18.079951450503764,589.8239675943821,2655.0,2329.04244584071,2655.0,1.0840839975860028,316.66140580085914,0.1352307741889943,0.2154345556249779,0.2414894387499884,-0.0008423715361284,0.0292636965017461,6.026285809388828,80.0,69.98310575423137,78.0,0.0112011175781474,4.154899248718634,150.54898797892486,163.45265728683574,14.134360615051063,148.55746660567848,0.00918452452718,8188.0,4,0.011560000000000015,-198.3096124966104,0,-1.9418848752975464,4
yolo11s.pt,10,65W,1,1153.3263710021972,21.21253979385037,0.0625287375781031,1.3262902392768023,16.18642648052004,35.0,23.69598460014632,33.5,0.0074881732436092,11.699269409153535,1.0,0.65367,552.0549499067074,8000.0,7833.027243410715,8000.0,0.2652634468565968,372.8821893742361,2.8199933360927303,8.5,4.264264513754677,6.5,0.0012874340671624,2.212679931717509,4.932878255334944,51.771,1.3751728350829384,15.31125,0.0023805826235813,29.20025,21.21253979385038,13.889,23.399,3.262650329884133,0.0,2010.0,2010.0,2010.0,-1.580977757028882e-16,0.0,0.1598794621936777,0.0625287375781031,0.0771131150000427,-3.1533099353999225e-07,0.0099918945299132,3.346414135509079,73.5,72.04285387679681,73.5,0.0016422505762443,1.4241830065658174,16.243451656468388,18.469359083478324,1.7939990245826256,15.997374197142616,0.0123161959517044,8188.0,4,0.11351,-59.24221922912219,3,2.0051887035369873,1
yolo11s.pt,10,65W,8,2066.606585693359,25.252642027747143,0.0808087079687652,0.2550723090511327,34.0759594753299,70.25,23.22196809856885,68.25,0.0515210480952138,27.084798657745964,1.0,0.76718,679.4153403149041,8000.0,7520.313652698932,8000.0,1.0349182527751415,498.0137726674589,16.123475136351672,35.25,10.93897698957436,33.25,0.0242699154040983,13.226113086207274,15.599071337444409,49.2785,2.646714076680295,52.73950000000001,0.0235321993154864,66.862,25.252642027747143,14.1225,40.2916,11.019098173794102,106.00590095728182,2497.5,2070.1409089818085,2467.687499999999,0.1643659599053456,196.43816307530884,0.2523068859411241,0.0808087079687652,0.1070194862497828,-0.0001046833739232,0.0204571047010991,4.230246392497129,79.0,73.44402711791642,78.25,0.0063845226742847,2.6090701379095917,102.27567751303116,119.85697481185238,15.010121291626104,99.01200827108164,0.0216506320596426,8188.0,4,0.0,-81.20251941166762,2,0.5865430235862732,2
yolo11s.pt,10,65W,16,3064.86484375,24.87972532606684,0.1289926012499392,0.2006086706925936,33.789008356831324,83.5,23.380499781368496,79.5,0.055962258148301,30.598959206010584,1.0,0.76543,580.5149390675706,8000.0,7451.714467448369,8000.0,0.9724469055986774,495.1925828239813,19.551979131853532,52.5,13.587440712016155,49.25,0.0321439804213344,18.69141034953829,14.034187212489009,51.5145,3.141157524591044,63.94075,0.0232002583615993,77.97274999999999,24.879725326066836,14.032,46.94751249999999,12.601889313551446,56.85619928128898,2497.5,2035.037448753752,2486.25,0.0722685467958338,262.01058121482225,0.2012795007047813,0.1289926012499392,0.1542950337495994,-0.000430128482769,0.026002031888784,3.502486735321664,79.25,72.7792143609928,77.25,0.0056384230816003,2.423637120070996,127.21270211242604,149.41367389237354,16.805247472700305,124.0669849181054,0.0176810393084424,8188.0,4,0.0017499999999999183,-123.48723930988844,1,-0.5775884389877319,3
yolo11s.pt,10,65W,32,4406.38828125,24.82674179583647,0.2493450656250047,0.193502498379275,35.27152139716103,90.5,23.09862593765305,86.5,0.0547263560273473,32.81605158454113,1.0,0.75562,610.9484834405062,8000.0,7454.38123765853,8000.0,1.0011494218588235,495.6187853913725,24.00537132258527,65.5,15.620595771804824,63.25,0.036964850061281,23.725476831642467,15.804522277687887,51.5005,3.263187180286274,67.09325,0.0248645646752337,81.04125,24.826741795836483,13.948,49.67876249999998,13.222739140793532,77.52849604832267,2497.5,2050.535155599241,2497.5,0.1390232297127059,317.10308049040543,0.1180142414898818,0.2493450656250047,0.2752281274999859,-0.0007267949225977,0.0294117593377482,3.3205792427635537,78.5,72.192135321993,76.5,0.005308634731609,2.2271740690189192,129.76187342508317,141.2030083031653,10.713045037280004,128.3736664327627,0.0073663943146962,8188.0,4,0.011560000000000015,-189.25649267142214,0,-1.8980214595794678,4
yolo11s.pt,20,115W,1,1459.0627464294437,20.309855369170464,0.0566935467382782,1.1514136139038635,9.198244415306114,39.0,29.749863677795613,37.0,0.0029660421126268,10.704114062575313,0.0,0.66209,0.0,8200.0,8200.0,8200.0,-1.2109869753718822e-15,0.0,1.4533639101432758,9.0,4.957024079364183,7.0,0.0004673513659841,1.9525366252188008,1.597269079615895,118.44,1.117911788338524,8.085,0.0005178030688153,22.7065,20.30985536917044,14.6215,21.4745,1.81368502189044,0.0,2010.0,2010.0,2010.0,-1.9523153566459482e-16,0.0,0.1379180143813333,0.0566935467382782,0.0706743275002281,-2.506772653802657e-06,0.0078325869675025,0.8950669536239388,67.0,66.35468343979065,67.0,0.0002618899797002,0.6450945260705143,17.871492789803362,19.96181890703824,1.842942734568776,17.63998976013657,0.0107084784913423,8188.0,2,0.14860000000000007,-73.76895700418235,3,1.9826419353485107,1
yolo11s.pt,20,115W,8,2376.52421875,35.64400011393688,0.0743048053125021,0.3311515098208522,32.62519223944162,64.0,29.78861890737334,61.0,0.0243652741820885,24.52030182918311,0.0,0.797,35.80977167869378,8200.0,8186.326473578016,8200.0,0.0178834586982934,124.82383758703874,17.10149256674159,36.0,15.693062751252231,34.5,0.0126144815178781,13.79868097065134,22.809571892621957,120.935,1.540949481168676,40.2205,0.018414943054768,54.9085,35.64400011393684,14.688,53.0137,14.33697046369312,500.7579409677038,2655.0,2458.8957216870026,2655.0,0.4092343501287222,290.0453335588246,0.2135395156392293,0.0743048053125021,0.0980927000003021,-2.9529756522075675e-05,0.0158000773884978,7.704611774912259,77.5,71.08264935399961,76.5,0.0067263596732632,3.8622764231218008,110.46451387175884,130.29818108750007,15.186505567013189,107.69416902847358,0.0189244392576681,8188.0,2,0.01368999999999998,-97.21252926313898,2,0.5638545155525208,2
yolo11s.pt,20,115W,16,3392.034619140625,38.139314129471686,0.1105143609375147,0.2633990188701328,37.83089065645407,80.5,32.006053443840656,79.0,0.0327177728649614,30.885833444699617,0.0,0.81069,0.0,8200.0,8194.86740804106,8200.0,0.0121013430011789,55.25587457589094,25.3685434771935,58.0,21.45018677186899,56.5,0.0216360410137129,22.27601985054919,29.96094978396426,118.295,1.7382995336913738,51.299,0.0265299140262991,66.2695,38.1393141294717,14.9705,61.6421,17.854767976517632,529.6543121225512,2655.0,2421.6046771777173,2655.0,0.4742188956435511,300.76040283661024,0.2023389478403789,0.1105143609375147,0.1339147974996876,-0.0001559370730545,0.0224345260329213,7.763723179653361,81.0,72.76812781286392,79.5,0.0072651210884538,4.448772709426456,148.30166094822346,169.05888473319254,19.16568395945829,144.79345953152784,0.0167409766478596,8188.0,2,0.0,-137.6054873364144,1,-0.5218537449836731,3
yolo11s.pt,20,115W,32,4715.55234375,38.55360880176942,0.2107677506249899,0.2539073716828278,35.83734540636043,89.5,31.70254364996882,85.5,0.0338187866673106,34.39148908699331,0.0,0.79497,0.0,8200.0,8200.0,8200.0,-3.09982531838388e-15,0.0,28.077465703595927,76.0,24.59341385626689,72.0,0.0258529318284302,29.00368603528608,29.300662011536065,120.379,1.897127813937852,58.225,0.0264905845108269,73.16999999999999,38.553608801769386,14.945,66.08439999999999,18.812817660998054,583.1485787778008,2655.0,2435.555993101746,2647.5,0.5553154644319915,295.4010168110119,0.1190511277357423,0.2107677506249899,0.2432781225001462,-0.0003446217270279,0.0251766788233664,7.528957077530656,81.5,73.2018713625026,80.5,0.0072418399243559,4.574391579556464,153.50869241758645,177.24329003252268,14.20289870427397,151.84613733450345,0.0087050884838096,8188.0,2,0.015720000000000067,-201.7914306276798,0,-1.790783166885376,4
yolo11s.pt,20,65W,1,999.52890625,22.228826601157543,0.062282923066403,1.384539247319677,5.7433161230572445,34.5,26.569509090456684,33.5,0.0015873609108106,9.564534188385275,1.0,0.66209,231.43333997007448,8000.0,7906.981184962975,8000.0,0.0682258236436342,290.3951614709099,0.9808809066994884,8.0,4.78509588858274,7.0,0.0002700427659631,1.916024597824864,2.066435313269258,52.709,1.4602897422691528,18.1365,0.0005915642566688,32.464,22.22882660115752,14.3275,23.777500000000003,2.6064684606404285,0.0,2010.0,2010.0,2010.0,4.113515022827724e-17,0.0,0.1410241314759146,0.062282923066403,0.0770672825004112,1.1381831494843173e-06,0.0087753750015014,2.19603613102133,76.5,74.95270045913644,76.0,0.0005904951542067,1.1017035611746238,16.2675149177861,18.23196870150556,1.6806445185865084,16.056540219588896,0.0106744730041107,8188.0,2,0.14860000000000007,-51.8429912269706,3,1.9686139822006226,1
yolo11s.pt,20,65W,8,1924.82421875,29.448962477272797,0.0810238848437279,0.2982169605708453,34.875125526401035,67.5,30.731661616161617,66.5,0.0230631625556184,26.13548444664877,1.0,0.797,753.3203757693555,8000.0,7691.996212121212,8000.0,0.5302198466703034,461.3854678689055,16.07993602202786,33.5,14.368401515151517,32.5,0.010338381492867,12.933631457874636,16.63984910916748,54.38,2.8613364157592303,69.7895,0.0115073738761871,84.2505,29.44896247727273,14.461,44.146,11.95525230070855,165.2021379980564,2490.0,2122.2900568181817,2482.5,0.1194884770140728,210.1375618645415,0.2067362225225062,0.0810238848437279,0.1052604124998651,-3.11376497725802e-05,0.0167957005406858,5.306442338840299,82.0,76.77913257575759,80.5,0.004100403662081,2.6969599125524333,101.21331946733189,119.72562307611202,13.769375393572613,98.74617413677302,0.0185127692776832,8188.0,2,0.01368999999999998,-75.45341643964993,2,0.6006977558135986,2
yolo11s.pt,20,65W,16,2941.9796875,29.60022551439042,0.1254737840624556,0.232116404629397,46.21730392769378,86.0,35.84890822191677,81.0,0.0363963769746533,31.12969911646732,1.0,0.81069,802.4282560706401,8000.0,7659.411574826106,8000.0,0.6306114565751025,473.873825818852,27.238910408596773,52.0,20.640934128868345,50.0,0.0214401124875937,19.14240815788532,19.022782873089263,53.209,2.9741473592711656,73.8215,0.0155762346823263,87.963,29.60022551439044,14.1415,49.333975,13.859102529117704,27.467199800074923,2490.0,2027.879193739848,2490.0,0.0431425775252634,279.33370817646045,0.1785875301889491,0.1254737840624556,0.1541302649997304,-0.0001504335342926,0.0224254967581933,4.579084926485905,83.0,75.9323482860594,79.5,0.0039140215510577,2.553492189298184,130.21329025649464,150.62862669504187,16.483857596486278,127.51777079211664,0.0160427044612731,8188.0,2,0.0,-117.72372079168215,1,-0.5188754796981812,3
yolo11s.pt,20,65W,32,4290.79404296875,29.02030054279207,0.2521076674999903,0.2284933233700674,45.50625847823406,91.5,34.089836637378,90.0,0.0347878574741129,37.17971933639848,1.0,0.79497,760.0813910469847,8000.0,7631.309846061653,8000.0,0.5863300937853841,482.41327481756457,29.88367862868418,65.5,22.39767427864608,62.0,0.0225089734513426,26.023407819230528,17.915367492909116,53.133,2.536340788492903,59.3245,0.0141738774418004,73.587,29.020300542792093,14.2625,49.5152,13.174730218543369,34.80438401775814,2490.0,2022.9712713294628,2490.0,0.0506812039898018,351.1365143362698,0.0891116981930724,0.2521076674999903,0.2816190224993533,-0.0002715268717761,0.0225542719295412,4.398199531384876,81.0,75.74788209925707,79.5,0.0039178394470894,2.31588165398694,127.82731770843549,147.43429618847236,9.801254183694825,126.95853791188044,0.0059707065363204,8188.0,2,0.015720000000000067,-185.159802937711,0,-1.8229951858520508,4
yolo11x.pt,1,115W,1,3542.8424479166665,28.722635741781147,0.1022682656249879,2.935885842209261,20.74906934513676,65.66666666666667,23.85154257935157,54.333333333333336,0.049067115870815,23.971320308988115,0.0,0.74852,-16.161616161616017,8200.0,8176.767676767678,8200.0,-0.001285044082077,93.5584761000207,4.223200166458594,29.33333333333333,7.778597302614156,25.0,0.0125070066645194,8.746998853776674,16.61885678886241,115.0,2.1210831192003603,47.037,0.0363195617496204,60.89533333333333,28.722635741781108,13.858333333333334,44.266533333333335,14.338037257507445,435.9575246850527,2655.0,2350.964830893201,2655.0,0.913591575633447,319.8000859733102,0.2578665085839903,0.1022682656249879,0.1524808366665789,-0.0001997074324372,0.0266749014370292,5.062393598910451,71.66666666666667,62.206199636817615,67.66666666666667,0.0108612593495653,3.736750840591706,10.160970820240486,11.379053096852816,1.545436518922498,9.790625617737998,0.0233318127221068,8188.0,3,0.06220999999999999,-182.8279464330463,4,1.4286627769470215,1
yolo11x.pt,1,115W,2,3855.677734375,27.91818721122416,0.1191930317707913,1.6630020490451336,15.255561301097016,69.33333333333333,21.104841711849826,67.0,0.0634787039201175,27.60683487789512,0.0,0.78985,25.0,8200.0,8181.337480559876,8200.0,0.0553400883148381,84.36064333678794,5.105103572960716,33.333333333333336,8.23550604172249,30.0,0.0235055956036739,11.527446310819323,12.52694019504198,115.0,2.181358164790935,46.97266666666667,0.0459012204841833,60.914,27.91818721122416,13.941333333333333,54.25173333333333,16.816025469358678,379.58602799227793,2655.0,2285.96149832493,2655.0,1.0868990374272014,317.38849523487124,0.2960302970978656,0.1191930317707913,0.176632988333146,-0.0007508568231065,0.0354758754474904,3.584439158546298,72.66666666666667,64.1113545947033,71.33333333333333,0.0124637828360372,4.08399439274536,17.72805394061019,20.99892661282361,3.406353825119114,16.78830277772047,0.0369739389161853,8188.0,3,0.0208799999999999,-196.1249400488011,3,1.0763864517211914,2
yolo11x.pt,1,115W,4,4545.479166666667,27.905966533820504,0.145981160416691,1.0184850526890727,13.102538121783365,82.0,20.47220879104544,79.33333333333333,0.0750762650715264,30.78865004078773,0.0,0.80475,-45.61647004395096,8200.0,8188.649171171816,8200.0,-0.0816134872942195,94.56440639260336,5.348565213472213,46.66666666666666,9.778673866531165,44.0,0.0353747455222632,15.867845574634435,11.495652913122193,115.0,2.433903885495774,54.23633333333333,0.056320755788993,67.92066666666666,27.9059665338205,13.684333333333331,66.34181666666666,19.66326706725111,344.90040171633564,2655.0,2241.245157396014,2655.0,1.165684995191011,307.20057713560124,0.2615837724238592,0.145981160416691,0.193528486666734,-0.0017338213098779,0.038491852001464,2.611471939044248,75.33333333333333,64.86216844726593,74.33333333333333,0.0127503121117243,4.4224181011181605,28.80434989075473,33.88357569292159,5.441038223660751,27.42390713507126,0.0360331856920023,8188.0,3,0.005979999999999985,-227.41917415295813,2,0.9989809393882751,3
yolo11x.pt,1,115W,8,5746.804606119792,27.809402697149423,0.2488676916666842,0.8648898339593405,13.223788328162144,88.0,18.629266238718586,83.33333333333333,0.0748301457943242,30.895672070423604,0.0,0.80979,7.149836197482425,8200.0,8187.234573446116,8200.0,0.0292236006448087,99.98585411688948,7.170154521439078,58.0,10.801076793631886,54.0,0.0447202513329475,19.3514011154449,12.911784934273728,115.0,2.8305052280493563,65.063,0.0618918478379121,78.68633333333334,27.80940269714942,13.623333333333331,71.29466666666667,20.46467448560008,390.1041179159174,2655.0,2230.23871407084,2655.0,1.2883439282567195,303.2482635002006,0.1714251369138752,0.2488676916666842,0.3062073499998708,-0.004411207941158,0.0431150234024256,2.8590071314078407,77.66666666666667,65.45824356342912,75.66666666666667,0.0139589691678846,4.676912815405227,33.026881666606364,40.6294569067396,4.853235122784931,32.163624755218734,0.022509210422821,8188.0,3,0.0009399999999999409,-286.0340576885688,1,0.28800562024116516,4
yolo11x.pt,1,115W,16,7985.072916666667,26.521439891637097,1.4406502666665044,2.3939906502085875,25.89405923184925,96.66666666666669,35.23445852120948,96.33333333333331,0.0800836777742064,41.950733641846846,0.0,0.81073,0.0,8200.0,8200.0,8200.0,-2.232510277792276e-15,0.0,12.993487908252304,63.0,9.451537379623684,51.66666666666666,0.0353213250301697,16.778833278919077,13.23211164140718,115.0,3.349945995626559,74.18666666666667,0.0377326558914565,88.77866666666667,26.52143989163709,14.592,60.55351666666666,15.825613916707669,409.54087312522125,2655.0,2312.745585231266,2655.0,0.9811719034466584,313.745880103749,0.1309919877554056,1.4406502666665044,1.6819227916666328,0.0138981365079315,0.1722420696433531,3.0555866105053204,76.66666666666667,65.10605628100954,72.5333333333333,0.0089324275999178,3.4648113240549883,17.2729448602284,19.234095429328104,2.0667963228618387,16.960238151657645,0.015578771974789,8188.0,3,0.0,-402.12200635532724,0,-0.7822892069816589,5
