model,epochs,tag,batch,avg_mem,avg_power,avg_step_time,energy_per_img,gpu_util_early_late,gpu_util_max,gpu_util_mean,gpu_util_p95,gpu_util_slope,gpu_util_std,is65W,map50,mem_clock_early_late,mem_clock_max,mem_clock_mean,mem_clock_p95,mem_clock_slope,mem_clock_std,mem_util_early_late,mem_util_max,mem_util_mean,mem_util_p95,mem_util_slope,mem_util_std,power_early_late,power_limit_w,power_peak_to_mean,power_range,power_slope,pwr_max,pwr_mean,pwr_min,pwr_p95,pwr_std,sm_clock_early_late,sm_clock_max,sm_clock_mean,sm_clock_p95,sm_clock_slope,sm_clock_std,step_time_cv,step_time_mean,step_time_p95,step_time_slope,step_time_std,temp_early_late,temp_max,temp_mean,temp_p95,temp_slope,temp_std,thr_mean,thr_p95,thr_std,throughput,throughput_var_ratio,vram_total_mb,n_logs,delta_map,true_score,rel,pred_score,rank_pred
yolo11m.pt,1,115W,1,1790.4140625,22.50747579811113,0.072492846093823,1.6302088957108325,15.013127473647083,43.0,15.018230199616005,41.0,0.0449108093176877,17.444634797531208,0.0,0.70007,0.0,8200.0,8200.0,8200.0,-3.1319989194201618e-15,0.0,2.8934519377718564,13.5,4.031779655861332,13.0,0.0101829388588653,4.574974664539809,8.044130059955325,115.084,1.786795869914429,24.851,0.0251374878367462,40.131,22.50747579811116,15.28,36.3522,8.254688775892532,220.9195109526236,2655.0,2197.535534471053,2655.0,0.7524152115457066,257.812252122362,0.2878090884100052,0.072492846093823,0.1003452874995673,-0.0001857481101797,0.0211748728679378,1.816156589208035,73.0,67.81942940436416,71.5,0.0059863706093665,2.029876163276428,14.361322434095502,16.450066137649582,2.178926531107365,13.814941952628802,0.0233237402994699,8188.0,2,0.062120000000000064,-92.13467527864472,3,1.5679616928100586,1
yolo11m.pt,1,115W,8,3085.866943359375,22.33006736623181,0.1387881406244559,0.3868727985791621,8.42291619177874,79.0,9.560814898846662,65.5,0.0534495991583227,21.608122475199067,0.0,0.76219,0.0,8200.0,8200.0,8200.0,-7.371820629299444e-15,0.0,4.47899095813388,54.0,5.660814898846663,42.5,0.0329417205798147,14.000444111866258,9.64681676924246,116.087,2.9244233807428905,50.15,0.0453683682242709,65.277,22.3300673662318,15.127,57.39182499999998,13.125482441550128,418.0476407567815,2655.0,2189.264818491208,2655.0,1.3832542631449305,282.30073129092284,0.3013682924628629,0.1387881406244559,0.1890799500001775,-0.0054068384558751,0.0433820232430934,1.9947572372920064,77.0,66.76154282473057,73.5,0.0094889408575914,2.861615509724619,61.59329123635928,81.24236452533209,12.339352569651895,57.93021399446643,0.0423399779371104,8188.0,2,0.0,-143.61330317949836,2,0.3325032889842987,2
yolo11m.pt,1,115W,16,4728.54296875,22.57195457799737,0.2375390312497529,0.3349379543923854,10.22051282051282,84.5,11.333896339618835,83.0,0.0656959394107499,25.24600379586288,0.0,0.75866,0.0,8200.0,8200.0,8200.0,1.7177964032116843e-14,0.0,6.368498168498169,65.5,7.934723202581426,63.5,0.0471083187355399,19.11073955144123,9.656781929181928,118.83,3.1304495318060064,55.626,0.0493086871339585,70.66,22.57195457799738,15.034,61.64192499999997,14.274607707074896,402.00915750915766,2655.0,2189.8495008571144,2655.0,1.4098870568164823,285.8199480855394,0.205315920796965,0.2375390312497529,0.3230994124982316,-0.0143742196424422,0.0504049565012402,1.886324786324792,76.5,65.75586871029546,72.5,0.0097484091860673,2.9482206708122383,69.98219024224528,77.77242657417139,9.554324652439686,67.575055078527,0.0226238614231159,8188.0,2,0.003530000000000033,-222.92657128734112,1,-0.7529565691947937,3
yolo11m.pt,1,115W,32,7936.91796875,22.471248028365743,0.4414432124995073,0.3098216401826501,15.567976748221412,92.0,11.671440850972386,87.5,0.0734041334781872,26.279035942372147,0.0,0.75759,0.0,8200.0,8200.0,8200.0,-1.0618003780261268e-15,0.0,10.751735207357278,75.0,8.579998925539918,68.5,0.0561207652593906,21.466845169292107,12.591979307652268,115.0,3.167519797620014,56.1075,0.0537354058051458,71.16749999999999,22.47124802836575,15.06,60.0275,14.084333299623502,450.9571837584592,2655.0,2180.2935156333942,2655.0,1.4578671225711963,283.7753299287681,0.1510340438903988,0.4414432124995073,0.5364400399991609,-0.0498922749997291,0.0684450006524336,2.520822488287344,76.0,65.39008273342645,72.5,0.0110720700794868,3.083654261159071,74.45091573006042,81.63288586980755,9.13262556046278,72.62509590437273,0.0199450300043531,8188.0,2,0.0046000000000000485,-381.8002040746979,0,-1.7911916971206665,4
yolo11m.pt,1,65W,1,1726.775390625,20.425736332663732,0.07928551835937,1.616128464303667,8.97107843137255,44.0,13.617728149986212,41.0,0.02811462240466,16.970470500818383,1.0,0.70007,304.9019607843138,8000.0,7430.204204397753,8000.0,0.8863059987208859,494.3377974609092,1.9259803921568623,15.0,3.8272784563107134,14.0,0.0068613535424393,5.007387255884973,5.75588088235294,52.116,2.078672378208444,28.556,0.0159779801452457,42.325500000000005,20.425736332663757,13.7695,32.8175,7.521403089360557,122.4779411764705,2505.0,2096.0762087374987,2392.5,0.3073550827309501,142.07535068864323,0.3021019331036764,0.07928551835937,0.1093776849997083,-0.0001542385682293,0.0243679611310072,1.881372549019609,75.0,70.00092559769979,73.0,0.0050910072867563,1.8965390760401188,13.168670555940135,15.437887332802443,2.093387032113661,12.63748929169594,0.0254867348640275,8188.0,2,0.062120000000000064,-88.68145564354035,3,1.8352687358856201,1
yolo11m.pt,1,65W,8,3019.75,19.13387635155747,0.1636691718747442,0.3914610314114078,11.81715239829994,76.5,11.054949214204203,70.5,0.0573212745123059,22.36845385386405,1.0,0.76219,263.29690346083817,8000.0,7257.544430509892,8000.0,1.101579914176243,437.2582014222912,5.60066788099575,43.5,5.793936209876962,39.5,0.0297459352787822,12.259240429967209,5.579289435336976,46.385,3.037211331057768,44.406,0.0263384278960343,58.11749999999999,19.13387635155747,13.7115,40.0767,9.32115611559096,107.64708561020028,2505.0,2024.053655560452,2498.9999999999995,0.2156428060197458,172.91329233830749,0.2894388436317316,0.1636691718747442,0.2205570499995701,-0.0051698878676527,0.0488318239013251,1.284881602914389,74.5,69.43145894767764,73.94999999999999,0.0051651200768078,1.708469390477169,51.912655744514566,66.76727650360513,9.81717860570378,49.03883704129567,0.0378253922034771,8188.0,2,0.0,-142.01601179307855,2,0.05864623188972473,2
yolo11m.pt,1,65W,16,4664.015625,18.972884542789053,0.2828368250000039,0.3354441291245605,7.813243739269433,89.0,10.94312809235844,79.5,0.0486861001435202,24.54630278651656,1.0,0.75866,177.3725652714461,8000.0,7265.44804837823,8000.0,0.8362804706970137,440.7146580894645,3.70590847196732,56.0,6.234735202492212,53.0,0.0273324733482547,15.122601133523382,4.922344828606947,48.715,3.620444829732556,55.045,0.0227577480727707,68.661,18.97288454278908,13.616,42.5164,9.561128942481272,191.82212420815813,2497.5,2049.936915887851,2490.0,0.4213362462436991,217.26660389102517,0.1701193999514423,0.2828368250000039,0.3683782000008249,-0.0123182297619504,0.0500001669151416,1.1287075957610568,74.5,68.81340480117281,73.0,0.0046482276441489,1.6472743848874316,58.32376705815578,62.494568720084274,6.469385734169582,56.72641124452719,0.0178780383558126,8188.0,2,0.003530000000000033,-221.87507623947855,1,-0.638728141784668,3
yolo11m.pt,1,65W,32,7864.265625,17.972865525006753,0.540007662500102,0.3034158412730484,19.18523842917251,90.0,11.52578426504282,83.5,0.071040946884363,25.30692828012601,1.0,0.75759,272.826086956522,8000.0,7242.477502199688,8000.0,0.971945453687219,428.33162623953456,11.656977559607292,65.0,7.322750873341523,50.5,0.0456580399450043,16.929016881097215,6.007991374474052,51.275,3.0839769196500626,42.0185,0.0244762818760718,55.485,17.97286552500675,13.4665,39.21979999999999,8.167162393400188,76.7366760168303,2257.5,1990.1384823458693,2257.5,-0.0305251706931538,224.81070718334576,0.1106665132061878,0.540007662500102,0.6248478824992161,-0.044571944999916,0.0611959052929641,1.9503155680224469,73.5,68.02622202475848,72.5,0.0064574665143323,1.6902875647506277,60.18697181748006,64.20028669273336,5.609585531847909,59.34371755660257,0.0119845579902383,8188.0,2,0.0046000000000000485,-380.80248564052124,0,-1.646397590637207,4
yolo11m.pt,10,115W,1,1812.7698791503904,27.130227639157468,0.0701481367578253,1.9001272034238683,17.55428360413589,46.5,30.191200531052928,42.0,0.0080251851633082,14.249075305076694,0.0,0.68352,0.0,8200.0,8200.0,8200.0,-2.4541086356419905e-17,0.0,3.860954985854843,15.0,7.511859531293725,12.0,0.001815179404174,3.838733521386671,6.500688725183389,115.841,1.3661017346129525,21.879,0.0031248759472828,36.9755,27.130227639157344,15.0965,34.0865,5.852830658872749,157.1556342788474,2655.0,2298.897826002069,2565.0,0.081130663954132,185.9555481308728,0.1635891363078892,0.0701481367578253,0.0900956224996662,-2.7946047681412307e-06,0.0114417310270298,3.7736107286216263,74.0,69.32167945488979,72.0,0.0017947625474089,2.0611544068002585,14.512391874154885,16.284835497719108,1.6523520486954202,14.27007192978937,0.0131140908023984,8188.0,2,0.15147,-94.51168767032996,3,1.7888997793197632,1
yolo11m.pt,10,115W,8,3623.442883300781,39.13714407524766,0.1105862915625038,0.5410147988627186,44.03778931042712,83.0,34.484410207941266,82.0,0.0588161947662412,34.210485960362504,0.0,0.81302,0.0,8200.0,8200.0,8200.0,-4.882113718665758e-15,0.0,27.30218026723933,55.5,21.97621353229045,53.5,0.0366896853687493,22.066282006250884,32.73826694106418,116.654,1.781877163040848,55.060500000000005,0.0431921677904879,69.694,39.13714407524768,14.6335,68.1395,20.8374838399526,608.5862562634218,2655.0,2418.455910547284,2655.0,0.7966284880882142,306.36648013250215,0.1979966777385854,0.1105862915625038,0.1386606100008065,-0.0001266764840182,0.0218900866647362,11.54909329515629,78.5,68.4761471492912,77.0,0.0153447797387265,6.112118037488118,73.96995222852699,82.33095428134206,9.06722328609041,72.34173832275576,0.0150709499213323,8188.0,2,0.021970000000000045,-171.21296289078663,2,0.35639071464538574,2
yolo11m.pt,10,115W,16,4861.238061523438,38.34197916461165,0.2005820418747589,0.4804960921881109,46.888564576277886,91.5,32.15332632984145,89.0,0.0591912309642183,37.83760288500072,0.0,0.83499,0.0,8200.0,8190.7849829351535,8200.0,0.0014490887598302,73.78410194210159,35.28765796513237,72.5,24.06654303695082,70.5,0.044529068115747,29.66119936987701,33.142314777234574,115.0,2.1819171159247635,68.316,0.0431808462585569,83.4635,38.34197916461166,15.1475,75.72,23.039311193348595,593.8774098330412,2647.5,2379.711426542248,2647.5,0.7595775855651334,311.29530757234795,0.1298548106156491,0.2005820418747589,0.2319322200000896,-0.0004773897720304,0.0261481360371842,9.467089224768408,83.0,72.22678161599822,82.0,0.0124230652829393,5.786853019557322,80.83939144599344,90.1095353090628,8.285154056700682,79.78162972700214,0.0106842337557979,8188.0,2,0.0,-230.63000790745477,1,-0.5888327956199646,3
yolo11m.pt,10,115W,32,7965.669173177083,36.41212031510875,0.8291838699998758,0.9082034465052624,50.15698871706349,99.66666666666669,44.15189337780732,95.66666666666669,0.0473595239219893,40.56391916018051,0.0,0.8306299999999999,0.0,8200.0,8200.0,8200.0,-3.033188620376278e-15,0.0,24.577685066346323,86.66666666666667,22.756878786086777,78.0,0.0274823048061003,28.43560879469817,21.528075325379834,115.19333333333334,2.57600435290732,78.23366666666665,0.0256576352584655,93.42666666666666,36.4121203151088,15.193,72.711,20.322170445449064,531.5603814284968,2655.0,2436.876778650367,2655.0,0.5490828497557815,292.71488926973814,0.3403063484101364,0.8291838699998758,1.2834354216663388,0.0138045981863745,0.3649391507220856,6.216553009379287,81.0,70.21848579542595,79.0,0.007802050911802,4.967630300852181,60.82508936803563,81.36939810534692,16.089580554166393,54.16715443100279,0.2051316573007829,8188.0,3,0.0043600000000001415,-392.957384424086,0,-1.7729089260101318,4
yolo11m.pt,10,65W,1,1748.5516616821292,25.28276093028412,0.074832798632832,1.8917193841633209,17.36039855072464,45.0,29.549317177239736,40.0,0.0071863203964977,14.165933878016585,1.0,0.68352,466.0253623188405,8000.0,7843.568951832129,8000.0,0.1936728565114783,363.2474372082996,3.4779637681159423,14.0,7.126157211885795,11.5,0.0015008491999535,3.630670800205112,4.430271519927535,46.707,1.6500125767216405,28.164,0.0019495066880444,41.7275,25.28276093028413,13.5635,32.9486,5.518312454257679,-59.79111413043472,2497.5,2087.1348062247503,2347.5,-0.0222164392733232,111.69946927916678,0.1560381445824701,0.074832798632832,0.0928146174995162,2.51821735384668e-06,0.0116491934391791,3.7165561594202856,78.0,73.01393938296741,74.5,0.0016145227045536,1.9293530692422485,13.572329224158338,15.469146899845052,1.4972835292053803,13.36554304353442,0.012172417848191,8188.0,2,0.15147,-91.01789545013136,3,1.8490123748779297,1
yolo11m.pt,10,65W,8,3529.5033569335938,29.35372483628423,0.1353449993750473,0.4966139170307191,48.91278183514208,89.0,38.04753820033956,85.0,0.0559313104839176,36.13012897923885,1.0,0.81302,649.5006029167516,8000.0,7573.517126148705,8000.0,0.7512976371501039,494.53522925249314,26.42457283916911,52.5,20.29493761284933,47.5,0.0298447918772969,19.7950191870093,19.737684737105543,52.943,2.46974806842748,58.4575,0.0219704418355996,72.562,29.353724836284265,14.1045,45.67777499999998,12.630431994259569,36.80098628079986,2490.0,1970.497513946156,2490.0,0.0191602567953166,303.6572915120723,0.1675673747937969,0.1353449993750473,0.1677374174999385,-0.0001305755175509,0.0226862149704313,5.170483243464609,82.5,74.3077788557415,78.5,0.0060037442451499,2.787113452350923,60.23112843461688,69.12977364245884,7.149123890552036,59.10828762105437,0.0141319356869793,8188.0,2,0.021970000000000045,-167.55099601124866,2,0.4468570947647095,2
yolo11m.pt,10,65W,16,4796.8078125,29.30415939393938,0.2483413406250064,0.4548191103528761,48.00386363636363,93.5,37.67785714285715,91.0,0.0597926781265228,38.50980398038975,1.0,0.83499,681.0164141414134,8000.0,7557.142857142857,8000.0,0.859691746155409,496.1025540915493,30.648876262626267,65.5,24.101688311688317,59.5,0.0376829121910891,25.40134786556667,19.810785845959597,52.643,2.833594578518765,69.16550000000001,0.0246807437764425,83.02850000000001,29.304159393939397,13.863,50.7485,14.475924677582777,22.267518939393995,2497.5,1967.0409090909088,2490.0,0.0044147926886852,324.92741245931245,0.1160909213146846,0.2483413406250064,0.2776114899990716,-0.0004212788484536,0.0288947873342861,4.704981060606059,80.5,74.29474025974025,78.5,0.0057760586423142,2.6955973503627133,65.14729742555954,73.17268452012578,6.263719694300253,64.43206240887253,0.0093482682693416,8188.0,2,0.0,-229.3020197205201,1,-0.8768675327301025,3
yolo11m.pt,10,65W,32,7972.83310546875,29.16056624794779,0.9904943412499962,0.9146064283789817,53.777043027395145,100.0,49.16774108419197,100.0,0.050381668407321,42.8200223798725,1.0,0.83063,685.9425785482117,8000.0,7650.505294654302,8000.0,0.6362986087702885,468.023597540488,21.88777279058969,77.0,20.43455702107972,67.5,0.0259674612008718,25.275797320046443,16.591932746478882,50.879,2.856982464611342,69.625,0.0165634673757396,83.601,29.160566247947774,13.976,49.92175,12.946461907184505,129.5859193623278,2497.5,2079.3035017230723,2490.0,0.0778380407345153,328.02450100957134,0.3394560945047589,0.9904943412499962,1.5829003649997502,0.0065694895544143,0.4575171437724815,3.947357220244541,79.0,74.13473784357117,78.0,0.0038804013592572,2.3331431431711023,49.19200074417738,66.03806454107077,12.695279593736224,42.98539104518446,0.1994344027261967,8188.0,2,0.0043600000000000305,-394.49464383426647,0,-1.7019786834716797,4
yolo11n.pt,1,115W,1,1125.4124348958333,15.785196714480662,0.0597711932291797,0.9432056948087442,12.35843502507345,33.666666666666664,10.87209146906626,32.666666666666664,0.0403387102814274,13.884352963786776,0.0,0.4819,0.0,8200.0,8200.0,8200.0,-2.05987318485274e-15,0.0,0.9761610022727866,4.0,1.376521377781882,4.0,0.0036119928872748,1.330723572176613,2.0571997877519306,116.92266666666669,1.19775313665377,4.862,0.0064012680221749,18.906,15.785196714480662,14.044,18.84433333333333,1.939854093894556,0.0,2010.0,2010.0,2010.0,2.1984614411570395e-16,0.0,0.5814886012404307,0.0597711932291797,0.0778117983329934,-0.0002213196569961,0.03513334266439,2.0156126591978207,58.333333333333336,56.5902272019919,58.0,0.0048529998171682,0.9531892478560716,17.893405252606062,20.35281680800557,2.626301216415823,16.753421971132877,0.0218470835971762,8188.0,3,0.11175999999999997,-55.991330167796,5,1.680059790611267,1
yolo11n.pt,1,115W,4,1362.91015625,16.054798245614013,0.0764250156249843,0.3067470516942557,10.833333333333334,40.0,5.868421052631579,39.0,0.0377568648097267,12.306939390280917,0.0,0.58282,0.0,8200.0,8200.0,8200.0,-2.9423610161625043e-14,0.0,1.956140350877193,9.0,1.99561403508772,8.0,0.0067723592772539,2.285533848762276,1.775517543859646,117.343,1.421444209442769,8.291000000000002,0.0079433667909885,22.821,16.054798245614037,14.53,22.52375,2.438991775375185,7.894736842105203,2040.0,2012.565789473684,2040.0,0.0184350372649304,8.389899200065376,0.6958097306727322,0.0764250156249843,0.1009194849998948,-0.0020992059567436,0.0531772695386797,1.1666666666666643,60.0,58.8859649122807,60.0,0.0031709048753848,0.6353445249905901,60.3032607456845,76.26256189827217,14.34221108067332,52.33888364024548,0.0565653693885017,8188.0,1,0.01083999999999996,-57.26136619411056,3,0.7693923711776733,2
yolo11n.pt,1,115W,2,1220.8193359375,16.16443813387424,0.0656503031250181,0.5306001316672235,9.284552845528454,34.0,7.626774847870182,34.0,0.0360642958163574,12.839256372658667,0.0,0.55542,0.0,8200.0,8200.0,8200.0,1.0943093241726861e-16,0.0,0.845528455284553,5.0,1.843813387423935,5.0,0.003766566231577,1.5159554594491749,1.6705447154471518,115.717,1.291476995804277,6.3050000000000015,0.0071167569434109,20.876,16.16443813387424,14.571,20.5358,2.135086842324192,0.0,2010.0,2010.0,2010.0,1.205094451278682e-15,0.0,0.6141900493543806,0.0656503031250181,0.0852299800001219,-0.0007035013232608,0.0403217629164849,0.3658536585365795,60.0,58.49290060851927,60.0,0.0016353166709763,0.6698750331972745,33.61492368171883,41.318623244991535,6.802501815002222,30.46444425688928,0.040951807349767,8188.0,1,0.03823999999999994,-56.75478895997049,4,0.5837498903274536,3
yolo11n.pt,1,115W,8,1572.5481770833333,16.488244539245787,0.0937304750001288,0.1930571496025417,9.601735049269454,44.66666666666666,5.368465103920642,29.0,0.03738601312311,11.748175446635427,0.0,0.59235,0.0,8200.0,8163.34435521965,8200.0,-0.1875462841379053,167.27459101444893,2.937347802695662,15.333333333333334,2.01219993242534,10.333333333333334,0.0115082538329225,3.908186942563012,4.12686383296523,118.56866666666669,2.024226502717632,19.032,0.0147764809996422,33.366,16.488244539245787,14.334,29.70249999999999,4.556891817944635,148.2694104655114,2665.0,2076.418657002834,2665.0,0.490330385120139,192.36423503832407,0.5377173050407311,0.0937304750001288,0.1526789916665809,-0.0061369220587724,0.0527725208149594,1.5273955147808376,62.0,57.95534299060515,61.0,0.005573430318312,1.2924132467632272,98.49319029546432,137.6429195155591,24.753466302876,86.17917941556841,0.066681639369036,8188.0,3,0.0013099999999999223,-57.72025939126989,2,0.10482960939407349,4
yolo11n.pt,1,115W,16,2074.83984375,16.59150392191628,0.132985933333136,0.1378112311431921,6.087295746167686,42.0,3.511467034410297,13.666666666666666,0.0228479962474017,9.28961654720039,0.0,0.59366,-70.37037037037044,8200.0,8152.960181708618,8200.0,-0.3816686661629793,226.519117331316,2.239952718676123,22.0,1.7531803257157863,6.333333333333333,0.0095809484132072,4.813863788816101,4.3363439208310375,117.35333333333334,2.240088958476338,23.146,0.0155849834495344,37.17033333333333,16.591503921916285,14.024333333333333,30.964316666666654,5.0471326986581335,169.27130261534117,2660.0,2080.187037037037,2655.0,0.5385972078411834,200.38649086533405,0.495896254221395,0.132985933333136,0.2493326899991718,-0.0217779293649399,0.06990003651932,1.0405546386745357,64.33333333333333,58.48050348429364,62.0,0.0042948502522881,1.3635876333010994,142.55821862971916,180.97905180421057,39.3605916462613,122.679662409818,0.0837755513721055,8188.0,3,0.0,-71.91554464112949,1,-0.9429831504821777,5
yolo11n.pt,1,115W,32,3046.79296875,16.91843449240186,0.198123175001001,0.1044701196796252,9.788360067539044,62.0,5.459608484592655,38.42499999999944,0.0371943732406822,13.979613322332597,0.0,0.58293,0.0,8200.0,8185.436893203883,8200.0,-0.0905995580182794,92.3351503930914,5.190797804981006,43.5,2.874168953144787,22.2999999999995,0.0215823354994299,9.590631070663516,5.410170694385815,117.802,2.550426290369628,28.8675,0.0201951800470886,43.164,16.918434492401857,14.296500000000002,32.52104999999996,5.880191268082758,244.53909877585463,2655.0,2095.613259814268,2655.0,0.7666750265829291,208.22724620752436,0.2636776166878336,0.198123175001001,0.2799716975010596,-0.041058559999692,0.0589597686178949,0.9081363444491366,66.5,58.52238550021106,61.62499999999994,0.0045495668725641,1.603894109140314,178.0986863168859,202.069895445736,29.97785384065303,165.41713349606013,0.050208525768516,8188.0,2,0.010730000000000017,-107.79111173640254,0,-1.71968674659729,6
yolo11n.pt,1,65W,1,1084.6393229166667,15.31403938370972,0.0627679710936999,0.9609843436002844,12.276859164415514,30.33333333333333,9.965522481726827,29.33333333333333,0.0363542910956042,12.37304886505425,1.0,0.4819,546.770232008429,8000.0,7415.972345891812,8000.0,1.4497403295679707,491.9967013538671,0.5302847291536893,3.333333333333333,1.6253264083248629,3.333333333333333,0.0020192565349471,0.9104167038108132,3.424505773070411,53.543,1.4179979824318387,9.369666666666667,0.0096267719539428,21.706666666666667,15.31403938370975,12.336999999999998,19.688666666666663,3.1130151408283933,0.0,2010.0,2010.0,2010.0,-5.87778109901857e-16,0.0,0.3689640442079029,0.0627679710936999,0.0852238200000859,-0.0001696241692035,0.0233990645783601,2.52491445969338,60.66666666666666,58.52935136389135,60.333333333333336,0.0059094042059432,1.2532831957345982,16.727469348884657,19.307835781912853,2.5659848264175307,15.961739432164524,0.0238051778707826,8188.0,3,0.11175999999999997,-54.0488321312969,5,1.8490123748779297,1
yolo11n.pt,1,65W,2,1230.1328125,14.90395963302752,0.0718224531249944,0.5352194710599644,14.0,34.0,7.620183486238532,34.0,0.0422194777699364,12.435402110684086,1.0,0.55542,522.0588235294117,8000.0,7352.293577981652,8000.0,1.51106314085268,477.6848468337022,1.3014705882352944,5.0,1.882568807339449,5.0,0.0043267377522639,1.470495394070021,2.699536764705881,54.382,1.9545141504172647,16.908,0.0096791264388606,29.13,14.903959633027524,12.222,21.242,3.377414752348264,0.0,2010.0,2010.0,2010.0,3.232997192046143e-15,0.0,0.6221682227600999,0.0718224531249944,0.0937725899997985,-0.0007446509065921,0.0446856480150483,1.580882352941174,59.0,56.78532110091743,59.0,0.0043724758781423,1.0243660548482625,30.73527404133951,37.553322711344,6.095999971568652,27.846445129343444,0.0393383131486416,8188.0,1,0.03823999999999994,-57.62771897610523,3,0.8862736821174622,2
yolo11n.pt,1,65W,4,1357.05859375,14.700456211812622,0.0800569656250189,0.2942184794052949,11.51639344262295,36.0,5.270875763747454,34.0,0.0367644986562505,11.014614761166523,1.0,0.58282,450.8196721311479,8000.0,7270.875763747455,8000.0,1.3431412006459873,444.412065949708,1.762295081967213,8.0,1.894093686354379,8.0,0.0060550334087238,2.0285602690464044,2.7050409836065565,51.443,1.6829409675136506,12.330999999999998,0.0099831997356093,24.74,14.700456211812629,12.409,23.314,3.4991683369804583,0.0,2010.0,2010.0,2010.0,3.234655252449604e-15,0.0,0.6903563949984745,0.0800569656250189,0.1013572100000601,-0.0022481312500013,0.0552678381834048,1.2950819672131146,60.0,57.5132382892057,59.0,0.0038578940592183,0.8305078454197733,57.2053878962459,71.50546475530669,12.982726241102108,49.96442181852996,0.0515060125558237,8188.0,1,0.01083999999999996,-57.27482400548481,4,0.23097071051597595,3
yolo11n.pt,1,65W,8,1531.0528157552085,15.362732111422568,0.1048061541666621,0.2009222048903126,10.122165571938206,39.66666666666666,5.155926740358489,29.666666666666668,0.0339728328383638,10.357226593592378,1.0,0.59235,322.4511199914259,8000.0,7231.060542624905,8000.0,1.02309191259939,421.1300223537824,2.366546476199225,13.0,2.045119023794118,9.666666666666666,0.0086484951028151,3.099276646488944,3.973432693338232,46.30233333333333,2.4678749638173123,25.44033333333333,0.0142301137261731,37.90466666666666,15.36273211142256,12.464333333333334,27.741599999999995,4.9209012171014175,90.91067245418223,2415.0,2045.225971395,2415.0,0.2413182165523533,109.8468706719757,0.5134889796681742,0.1048061541666621,0.1772338083331229,-0.0060541906862712,0.0559573096189525,1.6047647482124534,64.66666666666667,60.93569211011292,63.333333333333336,0.004738040170443,1.1471014545455616,87.5563102921683,120.97654030399792,22.2418907958879,77.06039207401881,0.0666799350649269,8188.0,3,0.0013099999999999223,-58.04347379898156,2,0.12044264376163483,4
yolo11n.pt,1,65W,16,2037.7591145833333,15.448835829472488,0.1464052333335151,0.1411710163489219,7.619797475513348,44.0,4.224900462263192,26.666666666666668,0.0275017115295174,10.400019046275627,1.0,0.59366,379.5016797236552,8000.0,7221.101053680645,8000.0,1.148600221413096,413.3927781207968,2.687855080751861,21.33333333333333,2.09970199616583,12.0,0.0106915437560241,4.769287175285139,4.464633151922279,51.41233333333333,2.700686547284276,29.130333333333336,0.0158659913803507,41.75533333333333,15.448835829472486,12.625,30.944333333333333,5.855590531488993,118.02696840710148,2505.0,2050.4408438265414,2505.0,0.2844015960308153,132.54579299123338,0.4510624374825791,0.1464052333335151,0.2603827266671941,-0.0212273412699102,0.0690543423772874,1.155403912895591,66.33333333333333,61.75055034423686,64.33333333333333,0.0034899164048812,1.1619788745409965,125.7857288267906,158.98868119068916,31.53418951090165,110.22190032308912,0.0710150065092964,8188.0,3,0.0,-73.45603638108167,1,-0.8435351848602295,5
yolo11n.pt,1,65W,32,2990.390625,15.688061125319695,0.2216752374997668,0.1087445407847633,14.766027280477408,63.0,5.841730605285592,43.5,0.0468227585683936,15.5494713505426,1.0,0.58293,317.26342710997505,8000.0,7207.129156010231,8000.0,0.9359509487553596,404.2256765468872,7.570929241261723,39.5,3.305381500426257,20.0,0.0250388071903397,8.985397839504763,4.542565430520034,51.867,2.773517638533369,30.703000000000003,0.015961590928904,43.527,15.688061125319692,12.824,32.3128,5.955438440806114,171.89514066496167,2437.5,2056.9789002557545,2407.5,0.3917356419256359,124.31686233220196,0.2237348552965867,0.2216752374997668,0.2994760849990597,-0.0377702649999263,0.0563491991311175,1.3075873827791966,67.5,63.5174126172208,66.0,0.0037021050472762,0.9846878702810486,156.51530528681417,173.1641660297604,22.225894175437976,147.54711175455785,0.0420200126183065,8188.0,2,0.010730000000000017,-109.96288906122855,0,-1.6229169368743896,6
yolo11n.pt,10,115W,1,1127.1128051757812,18.320847253566686,0.0554808687499885,1.0165524690070813,15.621872259318712,34.5,24.32344307873125,33.5,0.0082534688380417,11.69603349150776,0.0,0.46471,0.0,8200.0,8200.0,8200.0,1.9475130468377467e-15,0.0,1.5215154364668522,4.0,2.4493893797006403,4.0,0.0008089478255671,1.1933955370667046,2.67034494511514,115.0,1.0678876830013635,5.1105,0.0014658395116254,19.564,18.320847253566683,14.4535,19.49165,1.7152181860849576,0.0,2010.0,2010.0,2010.0,1.3181386704765392e-15,0.0,0.161725865623252,0.0554808687499885,0.0690184275006686,-9.05564451245906e-07,0.0089445900316471,2.6564622296520746,62.5,61.335972523321104,62.5,0.0015324823687919,1.1288190698130107,18.285568022956447,20.3218174228758,1.9025370167803204,18.02820128369102,0.0108437574370958,8188.0,2,0.19593999999999995,-56.46302804975176,3,1.7098233699798584,1
yolo11n.pt,10,115W,8,1765.104296875,25.44106890507009,0.0680201528125053,0.216299698557618,22.87114090512149,49.0,16.84745659320902,46.5,0.0476436885247348,19.24158422238052,0.0,0.65898,0.0,8200.0,8184.126984126984,8200.0,0.0136641217239963,96.29048182922604,7.791506138593517,18.5,6.575139980479786,18.0,0.0165397503446192,7.117717139374323,17.11061229259773,115.149,1.6425182217136838,26.8215,0.0328493042455993,41.767,25.44106890507012,14.9455,40.47315,10.641339958771676,525.5058560641085,2655.0,2317.706455154878,2655.0,1.0037427657970803,319.8209814418004,0.2683380787925083,0.0680201528125053,0.0893938075008917,-9.25667058059399e-05,0.0182719140874029,5.212577695587402,71.0,65.15244387938563,70.0,0.00976790031905,2.9563841345275206,121.75291960062916,143.86574786413212,18.319925715392777,117.61303290070428,0.0226649592960913,8188.0,2,0.0016699999999999493,-60.60379264505975,2,0.4486236870288849,2
yolo11n.pt,10,115W,16,2503.331640625,26.059527736625512,0.0889917650000825,0.1448615199141007,29.27083333333333,63.5,18.03604938271605,61.0,0.0661296867563376,23.16575688627324,0.0,0.66065,0.0,8200.0,8184.362139917695,8200.0,-0.0074152128946638,95.5937936344666,14.222985347985349,35.5,9.340109739368998,33.5,0.0328558908691812,12.518178507711347,19.90648076923077,116.211,1.8211582119477925,32.5185,0.0434789608010518,47.446,26.059527736625512,14.9275,45.3484,12.68481577741055,505.7142857142856,2655.0,2282.132510288065,2655.0,1.0942311085006455,316.1207381579868,0.2710515906041456,0.0889917650000825,0.1157112299991239,-0.0003721243295877,0.0244834213626051,5.502976190476186,73.5,66.09294924554183,72.5,0.0115566306268598,3.371898873826636,187.2743394812166,229.8467569757075,30.56624061273268,180.0073604167507,0.0269880364718228,8188.0,2,0.0,-78.98223222721245,1,-0.4086441397666931,3
yolo11n.pt,10,115W,32,3689.47265625,26.785979983671105,0.146002797499932,0.1221582846214324,36.5632884097035,75.5,18.967931032935876,73.5,0.0803577147832064,26.09515162623846,0.0,0.62894,0.0,8200.0,8200.0,8200.0,2.078699849516264e-15,0.0,23.865283018867924,53.5,12.18742429951821,52.0,0.0520669963340836,18.34693111264599,22.554760197663967,115.0,1.950979614834481,37.4155,0.0514013450829498,52.2345,26.78597998367113,14.819,49.456375,14.552804501122331,518.8404312668463,2655.0,2264.077833553145,2655.0,1.16123508488633,312.75430607274177,0.1839925891830082,0.146002797499932,0.1654211699996266,-0.0008774630300344,0.0271712455584244,5.687259658580409,76.0,66.84068132676589,74.5,0.0122462247142718,3.5430194552652363,223.62792919659077,239.14468763273263,20.807888554440616,219.24921337530031,0.0095684369379846,8188.0,2,0.031709999999999905,-126.73783379501123,0,-1.5204048156738281,4
yolo11n.pt,10,65W,1,1062.4637100219727,19.12951208528699,0.0629893709765781,1.205125384656037,13.170370740107566,31.0,21.2067554796713,30.0,0.0062749717324317,10.121257678647948,1.0,0.46471,556.9050501017009,8000.0,7834.113788932459,8000.0,0.2692121934758795,371.9608460758179,1.4292411744886877,4.0,2.3764570324335166,3.0,0.0006748585031936,1.119795774401446,4.129766739458677,53.363,1.285362822521586,11.636500000000002,0.0019868203805813,24.601,19.129512085287,12.9645,20.8185,2.6405153513963056,0.0,2010.0,2010.0,2010.0,-4.630253406296446e-16,0.0,0.1659900488468155,0.0629893709765781,0.0789663099992138,6.388057704662813e-07,0.0104269563463476,3.769648227410556,69.5,67.50095609182529,69.0,0.0018734354099855,1.5430291408777874,16.140328450344313,18.51409739792237,1.85446979974295,15.879674541034053,0.0132266631209286,8188.0,2,0.19593999999999995,-54.11773076437452,3,1.8566807508468628,1
yolo11n.pt,10,65W,8,1699.9671875,23.769390867744917,0.0752176637499359,0.2234849384163699,27.440800799098888,49.0,17.22782553716022,47.5,0.0459831300687738,18.612653835961176,1.0,0.65898,770.1740590398063,8000.0,7527.110386160288,8000.0,1.340150975454178,499.26272089790416,9.402471680870509,18.0,6.234283680105413,17.0,0.0156945660718018,6.687656555683945,15.35334490893248,48.936,1.872973086271432,31.1135,0.0269149942227798,44.58,23.76939086774488,13.4665,37.152025,10.094347033557176,311.03951926550894,2497.5,2196.2626585977514,2497.5,0.551144801244702,210.00417771641932,0.2902295569151644,0.0752176637499359,0.0975961324994386,-8.40350588897443e-05,0.0218298127727237,4.612808960108815,75.5,70.82282479331818,74.5,0.0081569642420741,2.7353314553856443,110.40376231974432,131.8792325068848,17.121417692768258,106.35799670301074,0.0240572672752359,8188.0,2,0.0016699999999999493,-60.22194462442026,2,0.6305919289588928,2
yolo11n.pt,10,65W,16,2439.028125,22.750037673426853,0.0986445056249521,0.1402613611357759,27.765088741580243,63.0,17.618056250709056,60.125,0.0580568894719673,23.00132602232881,1.0,0.66065,754.985031540682,8000.0,7463.846456719187,8000.0,1.4868471098808782,498.5559144272908,12.944563241740616,32.0,8.52743715256228,29.75,0.02774587371211,11.6601018039648,14.583468459317864,49.871,2.129884577723137,34.6775,0.0289480399561635,48.459500000000006,22.750037673426892,13.782,37.074,9.853865565248128,228.0196861969423,2497.5,2099.4419933332,2490.0,0.3778883723227834,191.14623776128732,0.2811312265898671,0.0986445056249521,0.1286217374999978,-0.0003726951810887,0.0277232268101444,4.242956805303102,77.0,71.30858475645158,76.0,0.0082534216340747,2.544405403724978,169.41979315143558,215.74038580197,30.078675152254057,162.19872794019616,0.0315273466320839,8188.0,2,0.0,-80.1167991699692,1,-0.3796686828136444,3
yolo11n.pt,10,65W,32,3625.734375,22.36551801295205,0.171046068750229,0.1194865802385902,36.91144111275796,80.0,19.707292416206947,78.0,0.0768361222589495,28.06793747146016,1.0,0.62894,746.5083798882683,8000.0,7425.430624772362,8000.0,1.504239903169361,494.4081370800807,21.505273058944248,47.5,11.429270047704076,47.0,0.0446574266538746,17.043916674980395,14.51710357997948,49.502,1.8992307428094537,28.6845,0.0296991996619179,42.5355,22.36551801295205,13.851,36.9607,9.711244669511284,62.59348990993044,2497.5,2031.520027716334,2490.0,0.1324284600250744,216.30206509039027,0.1718684645378565,0.171046068750229,0.1954216349990017,-0.0008613945731728,0.0299401938280538,3.362900467449549,77.5,71.38198260622374,75.5,0.0067057838536186,2.162701707253051,190.856037913693,205.64425819428615,17.800486965626916,187.24630354641624,0.0100621669875089,8188.0,2,0.031709999999999905,-131.82565408996075,0,-1.450297474861145,4
yolo11s.pt,1,115W,1,1369.4765625,17.32759681305692,0.0604638175779257,1.047455505884343,11.680969785575051,36.5,11.93941777292841,35.0,0.0420470989274645,14.899480609810484,0.0,0.64549,0.0,8200.0,8200.0,8200.0,-1.2903814403384707e-14,0.0,1.438913255360624,8.0,2.11869430805601,7.0,0.0062802411029923,2.653469845885911,2.698602314814816,118.956,1.2672645394623934,7.119,0.0090489753056915,21.958,17.32759681305692,14.839,21.4495,2.80822939305706,0.0,2010.0,2010.0,2010.0,-2.8504000273365e-15,0.0,0.3445631414508927,0.0604638175779257,0.083803282500321,-0.0001711207163569,0.0212053974460313,0.4134015594541935,64.5,63.57174031642117,64.5,0.0014874107117219,0.647157676021505,17.342351361721818,20.16953824248433,2.7465596971083603,16.569531007016778,0.0252771925841935,8188.0,2,0.05255999999999994,-68.70650386681204,3,1.8438445329666138,1
yolo11s.pt,1,115W,8,2048.54296875,18.30274154427032,0.0931712875001266,0.2130210488036416,7.874529045824936,59.0,7.058818547417656,46.0,0.0439964721570272,15.56085709421555,0.0,0.69795,0.0,8200.0,8173.509933774834,8200.0,-0.1216017035598249,123.25711389808578,3.223604661351091,31.5,3.1149350862238547,21.0,0.0208089138847906,7.790405614673502,4.782545036362042,118.12,2.651222104143414,33.8475,0.0233913786879215,48.525000000000006,18.30274154427032,14.6775,38.84189999999998,7.624604989415776,174.09752037150614,2655.0,2105.2363369615105,2655.0,0.68915656373655,216.84202626715197,0.4219584958642304,0.0931712875001266,0.1405027500004507,-0.0050217088236261,0.0412536836280376,1.4599141330062224,69.5,62.91644810176382,67.5,0.0066127650609753,1.7786876150826747,95.41810177510246,127.85906070774432,21.778422482702037,86.42790045428816,0.055358212233661,8188.0,2,9.999999999998899e-05,-81.98961076449466,2,0.30423492193222046,2
yolo11s.pt,1,115W,16,2877.31640625,18.615965102539576,0.1485518000004049,0.1722267058205726,9.623757778396952,62.0,6.226007815832247,33.0,0.0427843079657538,14.6087634837685,0.0,0.69805,0.0,8200.0,8185.201793721973,8200.0,-0.0781143533264321,93.0587817337467,4.411581684777561,44.5,3.5136892342098287,19.0,0.0242553916516473,9.994293548154843,6.315603510727224,115.0,2.787792359678368,37.159,0.028772338044861,51.8935,18.61596510253957,14.7345,41.1875,8.326352191715475,277.5111451657842,2655.0,2120.257919582233,2655.0,0.9729007250311664,236.06321595043727,0.329569443520213,0.1485518000004049,0.2379023325004708,-0.01693865833325,0.0530166831167492,1.6504132998978314,71.0,62.84793998639722,66.5,0.0067489308638091,1.8069890662791408,119.1328293663526,142.50530304886007,24.59024476985705,109.64979823946308,0.0532804336513446,8188.0,2,0.0,-116.55567037142296,1,-0.6361491680145264,3
yolo11s.pt,1,115W,32,4519.91796875,19.167780804022502,0.2650807875002101,0.158423687449081,8.250265572187349,78.0,6.355427809564807,60.5,0.0409549431606475,17.715431886191148,0.0,0.69445,0.0,8200.0,8186.33257403189,8200.0,-0.0736134711233878,89.51903176571926,4.896426846933848,64.5,4.213366694766799,48.5,0.0289329887689668,14.469434392540665,8.587983196523417,117.55,2.958646837391464,41.989,0.0356020953234703,56.7195,19.1677808040225,14.7305,42.232,9.0449099092661,446.828343795268,2655.0,2161.594263985795,2655.0,1.4505068030865265,271.2216309628974,0.2111625006897584,0.2650807875002101,0.3512954750020071,-0.0453667450006832,0.0616956410973633,2.078223080637372,72.0,63.23654332502287,68.0,0.0081096784542928,2.1503019301182817,128.88454522018708,144.04345838977224,19.04792417258631,123.0727900340986,0.0355544667604761,8188.0,2,0.0035999999999999366,-194.8247556684772,0,-1.6906535625457764,4
yolo11s.pt,1,65W,1,1306.091796875,17.791288469005273,0.0661068003906848,1.1760856136623352,11.52024884607666,35.0,11.153013604527873,33.0,0.0362199504033012,14.068195890316211,1.0,0.64549,546.9997993176803,8000.0,7437.891074175292,8000.0,1.455959528517609,496.0959790069087,1.6205298013245033,8.5,2.261532488090438,7.5,0.006116950485067,2.751497491084652,4.319604615693357,49.329,1.4540599753962868,12.033,0.012220449670226,25.867,17.791288469005273,13.834,23.15025,4.043282638790091,0.0,2010.0,2010.0,2010.0,4.682045303236031e-16,0.0,0.3109236287848536,0.0661068003906848,0.0875780175006183,-0.0001252167355749,0.0206401100039508,0.9340758579169162,72.0,70.1379978495587,72.0,0.0027548993891463,0.9440806962531962,15.741036884829512,18.3656903249346,2.3678184429147717,15.128307516394123,0.0226599999395829,8188.0,2,0.05255999999999994,-66.10874012953336,3,1.8352687358856201,1
yolo11s.pt,1,65W,8,1975.640625,17.898857748724478,0.1031753187498906,0.2307746987611754,10.769467213114757,57.0,6.884024234693877,43.0,0.0389716706716386,14.846817327997568,1.0,0.69795,405.079039812646,8000.0,7243.718112244898,8000.0,1.293623649200541,429.18664241681984,4.496853044496487,28.5,2.976307397959184,21.0,0.0177211820310192,7.121525765927328,6.15795762587822,48.293,2.2525723181134403,26.527,0.0236678254647929,40.32,17.898857748724488,13.793,37.542,7.2132232786135075,131.54091042154573,2505.0,2057.888073979592,2467.5,0.3522969262601981,142.06952121240113,0.4060750802073948,0.1031753187498906,0.1634371499994813,-0.0051667532352171,0.0441265414113209,1.292959601873541,75.0,69.67838010204082,73.5,0.0046358871356893,1.4711998853821149,86.18882099609709,120.8867758493733,20.702034790752364,78.2220030884586,0.0606260371853977,8188.0,2,9.999999999998899e-05,-80.68509764807976,2,0.07971982657909393,2
yolo11s.pt,1,65W,16,2804.640625,17.556141775724903,0.1672311187489867,0.1834313657702105,9.591521273339456,59.5,6.4903962212148,35.5,0.0409472194696066,14.7816061991592,1.0,0.69805,309.4582185491281,8000.0,7228.26438190821,8000.0,0.9905272190424312,419.6834145278521,4.705693296602387,38.5,3.6393189442971328,18.5,0.0223091404376712,8.977811491383843,5.413205081114175,46.607,2.9112981886120566,37.507000000000005,0.021704053320578,51.1375,17.556141775724917,13.6305,36.8369,7.518307528906721,128.90036730945826,2505.0,2048.793017420808,2347.5,0.3018271104885657,111.55013579775368,0.3159977588620962,0.1672311187489867,0.2605530324999562,-0.0164097220239931,0.0562114092800544,0.8451178451178478,73.5,68.83980554842756,71.5,0.0033152053390192,1.228340739757591,103.9200077066026,119.92422116287185,19.066364039208644,96.62091371138264,0.0407865625850736,8188.0,2,0.0,-116.51259966930269,1,-0.7475404739379883,3
yolo11s.pt,1,65W,32,4453.359375,17.55800692022111,0.2869133500003045,0.1571563910700225,21.36805555555556,83.0,9.393708055402566,78.0,0.0683256945556443,23.308981314818155,1.0,0.69445,375.534188034188,8000.0,7222.214572751565,8000.0,1.2212378005723878,415.7267123924422,12.897435897435898,57.0,5.789682903943048,48.5,0.0425069230970515,15.301394087636544,7.049243055555557,48.29,3.546536612412738,48.6065,0.0258381929013733,62.1665,17.55800692022112,13.56,36.0555,7.513899887950462,264.7756410256411,2505.0,2067.635089651796,2505.0,0.6324440956246082,221.02549865017133,0.1782833096753058,0.2869133500003045,0.361349750001591,-0.0352086900003996,0.0547632991506465,1.2574786324786371,73.0,68.2400760867348,71.0,0.0041272569184935,1.2988913246849507,116.69742508184872,129.7796425063789,15.354620095918136,112.39787132846352,0.0287872118139359,8188.0,2,0.0035999999999999366,-194.21636942752727,0,-1.5943547487258911,4
yolo11s.pt,10,115W,1,1373.954621887207,19.91271792718379,0.0572627647656176,1.1402390458634974,16.013657239545566,38.0,26.21589621721112,37.0,0.0081010351530784,13.27362429390104,0.0,0.65367,0.0,8200.0,8200.0,8200.0,-2.4500921012776584e-15,0.0,2.398551421057689,8.5,4.448009951335436,7.5,0.0012068748769196,2.358814119295623,3.3990662403056717,119.486,1.1108569694825006,7.336499999999999,0.0017493485906554,22.12,19.91271792718372,14.7835,21.547,2.297231386344024,0.0,2010.0,2010.0,2010.0,-5.808778045778465e-16,0.0,0.160227725340128,0.0572627647656176,0.0716394624987514,-1.4080751014246512e-06,0.0091849074712885,2.203281581729385,66.0,64.67122987963457,65.5,0.0011958503191965,1.0386452142567062,17.713093366702054,19.743143480816112,1.867804846121225,17.463647696047417,0.0111213730577888,8188.0,2,0.11351,-69.44380316370126,3,1.6331701278686523,1
yolo11s.pt,10,115W,8,2286.0166015625,29.81836847946728,0.0745586328126478,0.2778847960457877,32.87768299104792,64.5,22.923209829897434,62.5,0.0572326514231838,25.335948304948225,0.0,0.76718,0.0,8200.0,8186.681465038846,8200.0,0.0089577729598382,88.39534831189407,16.939610321221696,36.0,11.909343571497914,34.5,0.029729758551029,14.003850682691835,22.88298628751975,115.0,1.806895187708219,38.923,0.0389993214371438,53.8595,29.81836847946726,14.9365,51.62375,14.671018526249728,527.4069510268562,2655.0,2341.7922363646385,2655.0,0.8953382662902922,315.54953897859434,0.266771727673024,0.0745586328126478,0.0980719075012529,-0.0001205088636045,0.019914668900087,6.816840442338076,76.5,68.78621009490374,75.0,0.0115654242511868,4.003486316196906,111.07828008384315,130.0039122417632,16.734387346771506,107.29936544321764,0.0227018991137517,8188.0,2,0.0,-91.0565309889999,2,0.57700514793396,2
yolo11s.pt,10,115W,16,3285.66484375,31.25466339238703,0.1129518787499819,0.2205826405497378,36.76403207331042,80.0,23.206697742125318,77.0,0.068716110024619,29.447013514776412,0.0,0.76543,0.0,8200.0,8186.265060240964,8200.0,0.0029906284721737,89.73469387721416,25.150032372130084,57.0,15.361571220615108,55.0,0.0467040362941256,21.067086557648512,26.51323935454953,115.0,2.022198592783285,48.045,0.0502087494339366,63.1845,31.254663392387027,15.1395,59.3524,17.33211731330254,542.5313760645452,2655.0,2319.4555471242297,2655.0,1.0190988809341306,315.1674333730197,0.2198377760760559,0.1129518787499819,0.1395049675009431,-0.0004409855567289,0.0249562307981427,6.951840231087203,80.0,70.38711246012326,78.5,0.0129651552993034,4.392302495958706,145.63293387473368,169.71515747471233,19.847647108176798,141.6807957012376,0.0186447303913558,8188.0,2,0.0017499999999999183,-131.15557749484486,1,-0.2663794159889221,3
yolo11s.pt,10,115W,32,4629.95625,30.655933556101104,0.2158533337499193,0.2067417088756107,32.46846411544904,84.5,19.3575670175326,84.0,0.0506339714124869,31.74607427102925,0.0,0.75562,0.0,8200.0,8200.0,8200.0,3.168041943382344e-15,0.0,25.83366619421896,71.5,14.97979445460672,70.5,0.0404380212001752,26.5803250915772,24.02228214791908,115.0,2.497317967438535,60.935,0.0408635159277332,76.28399999999999,30.655933556101107,15.349,64.0785,17.697751679857976,576.8306274964566,2655.0,2331.1961165399057,2655.0,0.9651497043934942,316.47619674365217,0.1365061393032243,0.2158533337499193,0.2409706224997534,-0.0008867932504926,0.029560926068679,5.525007516213549,80.5,70.51372976904892,78.0,0.0092320983152985,3.8948433356021432,150.22342254493756,162.93161805760138,13.886394267686002,148.25837818038724,0.0088530544010645,8188.0,2,0.011560000000000015,-196.21823511271418,0,-1.7028131484985352,4
yolo11s.pt,10,65W,1,1309.2213317871094,21.08003188892769,0.0635516444530963,1.3396499622728588,15.414890297181811,35.5,23.314339258266603,33.5,0.0067465542241099,11.31659248454433,1.0,0.65367,542.5032406740602,8000.0,7835.384957383412,8000.0,0.2590889810972017,370.80024730124745,2.615737673436075,8.5,4.250451226967352,7.0,0.0011559777498155,2.174212764231223,4.785962813865282,49.82,1.3167590101781106,14.04,0.0022640491883925,27.772,21.080031888927685,13.732,23.239,3.220346474434272,0.0,2010.0,2010.0,2010.0,-1.0243457562480176e-16,0.0,0.160553871165284,0.0635516444530963,0.0796476825001263,-1.0083361615523353e-07,0.0102069527138078,3.2936254740986115,72.5,71.16014726274614,72.5,0.0015838874478633,1.4262895210945643,16.003456276958797,18.47849573124178,1.891792849065208,15.735272912719786,0.0140075070337266,8188.0,2,0.11351,-67.07584528221784,3,1.7888997793197632,1
yolo11s.pt,10,65W,8,2223.4897338867186,24.83839018872416,0.0803384146875373,0.2493903862835245,31.295553496989346,71.5,21.996596454435988,68.0,0.0450788743637733,26.873060129307884,1.0,0.76718,622.9350007719622,8000.0,7486.099188219094,8000.0,0.8921486534981407,499.1456198932815,14.788930060213064,36.0,10.499432982464224,33.5,0.0212593468105678,13.23032372633664,14.908414775358963,45.822,2.6285019123426725,51.40050000000001,0.0212062083994028,65.396,24.838390188724176,13.9955,40.603475,11.082134746368624,89.11000463177402,2505.0,2067.361445592243,2460.0,0.1416957062065928,191.8029831556568,0.2667298386000324,0.0803384146875373,0.1091803575001904,-0.0001191422104617,0.0215006302945971,3.866010498687672,78.0,72.77521379585832,77.5,0.005617066499535,2.553110360079984,103.2037440702856,120.524719540217,15.78874718376405,99.5865787640558,0.0235234826934844,8188.0,2,0.0,-88.75003012173644,2,0.4827783703804016,2
yolo11s.pt,10,65W,16,3221.95,24.447039751109436,0.127199922499858,0.1943441432557129,26.66139315230224,81.5,19.67339871433513,76.5,0.0375833188971366,28.473285692388615,1.0,0.76543,459.4155844155844,8000.0,7402.532877549067,8000.0,0.6943056001972339,490.3867714906605,15.701106847697758,53.0,11.64955421207951,49.0,0.0218918901184326,17.652338242650593,11.877816469893745,49.935,3.129845978940309,62.49999999999999,0.0174203293692721,76.316,24.447039751109408,13.816,49.11172499999999,12.77817750462456,204.9662780401416,2505.0,2095.5226946159564,2497.5,0.2607820757855713,264.0830776535853,0.2085240648131921,0.127199922499858,0.1575486574993191,-0.00047798318448,0.026538011531691,3.046074380165294,77.5,71.69685179529449,76.5,0.0044413685141089,2.374835515728829,129.27248952359162,153.74437431899705,18.03294362789998,125.78644525142478,0.0196946311736772,8188.0,2,0.0017499999999999183,-130.6958533499054,1,-0.6459996700286865,3
yolo11s.pt,10,65W,32,4564.196875,24.39095416121272,0.2452231712500633,0.1869047436376336,28.720800627943483,90.0,20.228366800299742,83.5,0.0382797571837069,30.9405435596504,1.0,0.75562,477.7472527472533,8000.0,7408.285740000509,8000.0,0.6617145346431632,491.25460773937664,19.87131083202512,67.5,13.83901763056617,65.5,0.0264451599745855,23.13960815950834,14.47199226844584,49.329,3.249604742504893,65.584,0.0194531320494302,79.3055,24.390954161212758,13.7215,52.5805,13.525840672600884,145.6960361067504,2505.0,2114.652977102373,2505.0,0.2723826583670542,302.8008342650125,0.1329659763594459,0.2452231712500633,0.275072645000182,-0.0008725304455731,0.0326766723976216,2.9639324960753517,78.0,71.13617758525223,76.0,0.0041984939603656,2.205722566096878,132.19067880799355,144.7836046807185,12.394639083909473,130.49778841667444,0.0090693128767765,8188.0,2,0.011560000000000015,-196.3789494733615,0,-1.7157258987426758,4
yolo11x.pt,1,115W,1,3542.8424479166665,28.722635741781147,0.1022682656249879,2.935885842209261,20.74906934513676,65.66666666666667,23.85154257935157,54.333333333333336,0.049067115870815,23.971320308988115,0.0,0.74852,-16.161616161616017,8200.0,8176.767676767678,8200.0,-0.001285044082077,93.5584761000207,4.223200166458594,29.33333333333333,7.778597302614156,25.0,0.0125070066645194,8.746998853776674,16.61885678886241,115.0,2.1210831192003603,47.037,0.0363195617496204,60.89533333333333,28.722635741781108,13.858333333333334,44.266533333333335,14.338037257507445,435.9575246850527,2655.0,2350.964830893201,2655.0,0.913591575633447,319.8000859733102,0.2578665085839903,0.1022682656249879,0.1524808366665789,-0.0001997074324372,0.0266749014370292,5.062393598910451,71.66666666666667,62.206199636817615,67.66666666666667,0.0108612593495653,3.736750840591706,10.160970820240486,11.379053096852816,1.545436518922498,9.790625617737998,0.0233318127221068,8188.0,3,0.06220999999999999,-182.8279464330463,4,1.4120526313781738,1
yolo11x.pt,1,115W,2,3855.677734375,27.91818721122416,0.1191930317707913,1.6630020490451336,15.255561301097016,69.33333333333333,21.104841711849826,67.0,0.0634787039201175,27.60683487789512,0.0,0.78985,25.0,8200.0,8181.337480559876,8200.0,0.0553400883148381,84.36064333678794,5.105103572960716,33.333333333333336,8.23550604172249,30.0,0.0235055956036739,11.527446310819323,12.52694019504198,115.0,2.181358164790935,46.97266666666667,0.0459012204841833,60.914,27.91818721122416,13.941333333333333,54.25173333333333,16.816025469358678,379.58602799227793,2655.0,2285.96149832493,2655.0,1.0868990374272014,317.38849523487124,0.2960302970978656,0.1191930317707913,0.176632988333146,-0.0007508568231065,0.0354758754474904,3.584439158546298,72.66666666666667,64.1113545947033,71.33333333333333,0.0124637828360372,4.08399439274536,17.72805394061019,20.99892661282361,3.406353825119114,16.78830277772047,0.0369739389161853,8188.0,3,0.0208799999999999,-196.1249400488011,3,0.3616131842136383,2
yolo11x.pt,1,115W,8,5746.804606119792,27.809402697149423,0.2488676916666842,0.8648898339593405,13.223788328162144,88.0,18.629266238718586,83.33333333333333,0.0748301457943242,30.895672070423604,0.0,0.80979,7.149836197482425,8200.0,8187.234573446116,8200.0,0.0292236006448087,99.98585411688948,7.170154521439078,58.0,10.801076793631886,54.0,0.0447202513329475,19.3514011154449,12.911784934273728,115.0,2.8305052280493563,65.063,0.0618918478379121,78.68633333333334,27.80940269714942,13.623333333333331,71.29466666666667,20.46467448560008,390.1041179159174,2655.0,2230.23871407084,2655.0,1.2883439282567195,303.2482635002006,0.1714251369138752,0.2488676916666842,0.3062073499998708,-0.004411207941158,0.0431150234024256,2.8590071314078407,77.66666666666667,65.45824356342912,75.66666666666667,0.0139589691678846,4.676912815405227,33.026881666606364,40.6294569067396,4.853235122784931,32.163624755218734,0.022509210422821,8188.0,3,0.0009399999999999409,-286.0340576885688,1,0.09946858882904053,3
yolo11x.pt,1,115W,4,4545.479166666667,27.905966533820504,0.145981160416691,1.0184850526890727,13.102538121783365,82.0,20.47220879104544,79.33333333333333,0.0750762650715264,30.78865004078773,0.0,0.80475,-45.61647004395096,8200.0,8188.649171171816,8200.0,-0.0816134872942195,94.56440639260336,5.348565213472213,46.66666666666666,9.778673866531165,44.0,0.0353747455222632,15.867845574634435,11.495652913122193,115.0,2.433903885495774,54.23633333333333,0.056320755788993,67.92066666666666,27.9059665338205,13.684333333333331,66.34181666666666,19.66326706725111,344.90040171633564,2655.0,2241.245157396014,2655.0,1.165684995191011,307.20057713560124,0.2615837724238592,0.145981160416691,0.193528486666734,-0.0017338213098779,0.038491852001464,2.611471939044248,75.33333333333333,64.86216844726593,74.33333333333333,0.0127503121117243,4.4224181011181605,28.80434989075473,33.88357569292159,5.441038223660751,27.42390713507126,0.0360331856920023,8188.0,3,0.005979999999999985,-227.41917415295813,2,0.09863380342721939,4
yolo11x.pt,1,115W,16,7985.072916666667,26.521439891637097,1.4406502666665044,2.3939906502085875,25.89405923184925,96.66666666666669,35.23445852120948,96.33333333333331,0.0800836777742064,41.950733641846846,0.0,0.81073,0.0,8200.0,8200.0,8200.0,-2.232510277792276e-15,0.0,12.993487908252304,63.0,9.451537379623684,51.66666666666666,0.0353213250301697,16.778833278919077,13.23211164140718,115.0,3.349945995626559,74.18666666666667,0.0377326558914565,88.77866666666667,26.52143989163709,14.592,60.55351666666666,15.825613916707669,409.54087312522125,2655.0,2312.745585231266,2655.0,0.9811719034466584,313.745880103749,0.1309919877554056,1.4406502666665044,1.6819227916666328,0.0138981365079315,0.1722420696433531,3.0555866105053204,76.66666666666667,65.10605628100954,72.5333333333333,0.0089324275999178,3.4648113240549883,17.2729448602284,19.234095429328104,2.0667963228618387,16.960238151657645,0.015578771974789,8188.0,3,0.0,-402.12200635532724,0,-0.7088271379470825,5
