model,epochs,batch,115W,65W
yolo11m.pt,1,1,21.763111070919592,20.691369344165995
yolo11m.pt,1,2,21.240953237410057,19.216521126760533
yolo11m.pt,1,3,21.343076767676763,18.92637318255251
yolo11m.pt,1,4,21.063471698113226,18.998260575296133
yolo11m.pt,1,5,21.75661538461536,18.57697704918032
yolo11m.pt,1,6,20.843135699373697,18.468981907894765
yolo11m.pt,1,7,21.146302771855,18.83137435897434
yolo11m.pt,1,8,22.139377099047053,19.50502600033828
yolo11m.pt,1,9,21.03214224137931,18.154362244897964
yolo11m.pt,1,10,21.209449781659387,18.433801393728235
yolo11m.pt,1,11,21.766389130434806,17.728781034482736
yolo11m.pt,1,12,21.16136225596529,18.94074471830985
yolo11m.pt,1,13,21.17285097192225,18.65540957446808
yolo11m.pt,1,14,21.836292473118288,17.763307692307688
yolo11m.pt,1,15,22.191493534482753,18.2035547826087
yolo11m.pt,1,16,22.675584776326204,19.31571364201563
yolo11m.pt,1,17,21.41850980392155,18.209071186440635
yolo11m.pt,1,18,21.43212008733627,18.378669580419587
yolo11m.pt,1,19,22.55850217391308,18.210287456445982
yolo11m.pt,1,20,21.54811790393016,17.694710296684104
yolo11m.pt,1,21,21.26587964989059,18.125785095320623
yolo11m.pt,1,22,22.204083700440517,17.633721476510058
yolo11m.pt,1,23,22.1686797385621,17.976834507042263
yolo11m.pt,1,24,22.031617710583134,17.869437389770727
yolo11m.pt,1,25,21.896103671706253,17.39301369863016
yolo11m.pt,1,26,21.452812636165604,17.34896219931272
yolo11m.pt,1,27,21.443395248380146,16.821742556917687
yolo11m.pt,1,28,21.24888744588744,17.22900000000001
yolo11m.pt,1,29,21.522721491228094,17.41891358024689
yolo11m.pt,1,30,21.446428571428548,17.296524647887317
yolo11m.pt,1,31,21.180930957683735,17.335632058287803
yolo11m.pt,1,32,21.845712915914465,18.365001824324416
yolo11m.pt,5,1,25.5367301173315,24.98029064414069
yolo11m.pt,5,2,31.592061099796307,27.309076534903337
yolo11m.pt,10,1,26.854907617072335,25.412601931136262
yolo11m.pt,10,2,34.81026990632314,30.24845307769936
yolo11m.pt,20,1,27.92675032556668,26.42469489734024
yolo11n.pt,1,1,15.565465053605871,15.038324300271674
yolo11n.pt,1,2,16.16443813387424,14.903959633027519
yolo11n.pt,1,3,17.35190163934426,16.192203448275865
yolo11n.pt,1,4,16.054798245614013,14.700456211812622
yolo11n.pt,1,5,16.983082608695646,15.734050561797757
yolo11n.pt,1,6,17.31216035634744,15.45968342644322
yolo11n.pt,1,7,17.15852954545453,15.789555555555546
yolo11n.pt,1,8,16.273369298485612,15.069407788482906
yolo11n.pt,1,9,16.946531590413944,15.250735955056173
yolo11n.pt,1,10,17.196943310657606,15.330321705426348
yolo11n.pt,1,11,16.8850324825986,15.441665399239547
yolo11n.pt,1,12,17.031082159624415,15.364673267326733
yolo11n.pt,1,13,16.740805869074496,14.577216962524679
yolo11n.pt,1,14,16.85753537735849,14.52637977099236
yolo11n.pt,1,15,16.96880188679243,14.408456349206356
yolo11n.pt,1,16,16.45884636247587,15.226819900000498
yolo11n.pt,1,17,16.978934117647054,14.655222222222228
yolo11n.pt,1,18,16.641919047619027,14.504144841269852
yolo11n.pt,1,19,16.564152019002375,14.311804391217557
yolo11n.pt,1,20,16.632577197149637,14.19209330628803
yolo11n.pt,1,21,16.65759574468084,14.090907843137247
yolo11n.pt,1,22,16.56410023866349,14.362796780684118
yolo11n.pt,1,23,16.67135849056605,14.283061143984234
yolo11n.pt,1,24,16.567316784869984,14.327841897233201
yolo11n.pt,1,25,16.52012790697672,14.321992217898837
yolo11n.pt,1,26,16.602303317535537,14.254803180914502
yolo11n.pt,1,27,16.61146171693733,14.353581532416504
yolo11n.pt,1,28,16.649717339667433,14.338699801192833
yolo11n.pt,1,29,16.705680094786736,14.073927855711412
yolo11n.pt,1,30,16.616885167464112,14.254772177419364
yolo11n.pt,1,31,16.807956730769234,14.046019999999992
yolo11n.pt,1,32,16.733140860980253,15.688061125319697
yolo11n.pt,5,1,17.640739935179152,17.485348513594992
yolo11n.pt,5,2,17.809958382877568,16.006901144641024
yolo11n.pt,5,3,18.96521988795519,16.213455621301776
yolo11n.pt,5,4,20.677363782051277,15.965565562913891
yolo11n.pt,5,6,22.40244288224958,18.218488472622468
yolo11n.pt,5,7,22.64235304659497,18.886704647676197
yolo11n.pt,5,8,22.157002998925755,20.590843051874266
yolo11n.pt,5,9,22.355566003616623,18.409418238993695
yolo11n.pt,5,10,22.744829588014987,18.885581358609794
yolo11n.pt,5,11,22.499924271844662,18.993330065359448
yolo11n.pt,5,12,22.63682974559688,18.97060296540365
yolo11n.pt,5,13,22.523850894632197,18.603837662337646
yolo11n.pt,5,14,22.734265624999992,18.544678217821776
yolo11n.pt,5,15,22.68305599999997,18.68360767946578
yolo11n.pt,5,16,22.640879944709756,20.269110235567346
yolo11n.pt,5,17,23.105560483870985,18.6027103918228
yolo11n.pt,5,18,22.889414000000013,18.364375432525918
yolo11n.pt,5,19,22.824474747474714,18.349830845771155
yolo11n.pt,5,20,22.963371717171718,18.225770547945196
yolo11n.pt,5,21,22.862778884462134,18.307671742808807
yolo11n.pt,5,22,23.15543505154639,18.46136363636364
yolo11n.pt,5,23,23.290231884057977,18.638115318416503
yolo11n.pt,5,24,23.11685288270375,18.256193656093483
yolo11n.pt,5,25,23.429836327345328,18.558050173010397
yolo11n.pt,5,30,23.497281573498967,18.628897923875464
yolo11n.pt,5,32,23.300574474672107,19.926264802534256
yolo11n.pt,10,1,18.1722742023746,19.130783662201956
yolo11n.pt,10,2,19.076307142857146,16.60835692307692
yolo11n.pt,10,3,20.358289263531514,16.857205389657647
yolo11n.pt,10,7,25.2588144690782,20.539055276381895
yolo11n.pt,10,8,25.376574891895345,23.75932495433635
yolo11n.pt,10,9,25.201166246851447,20.836060606060574
yolo11n.pt,10,10,25.62355266579977,20.971361050328213
yolo11n.pt,10,12,25.693637720488436,20.82710972850679
yolo11n.pt,10,13,25.615720108695626,20.714906141367337
yolo11n.pt,10,16,25.98841812879594,22.71785507282287
yolo11n.pt,10,32,26.813165297238562,22.483046710539476
yolo11n.pt,20,1,18.486841955700463,20.351855553476216
yolo11n.pt,20,2,20.034419493344828,17.62556983441324
yolo11n.pt,20,3,21.91039151712884,18.379263947491822
yolo11n.pt,20,4,23.29991571609627,18.745238069116855
yolo11n.pt,20,6,28.19706325301204,23.54587293233083
yolo11n.pt,20,8,29.350101784511857,27.65452210551946
yolo11n.pt,20,16,31.00266560164269,27.122618029739787
yolo11n.pt,20,27,29.91678793969848,25.231331541218605
yolo11s.pt,1,1,17.29126233783204,17.919932253169062
yolo11s.pt,1,2,18.85876725838266,17.11108528428094
yolo11s.pt,1,3,18.762313765182157,17.056079310344803
yolo11s.pt,1,4,18.716351293103457,17.175503571428596
yolo11s.pt,1,5,18.575359649122824,17.12850637522769
yolo11s.pt,1,6,18.146313465783656,16.663635185185182
yolo11s.pt,1,7,18.249862831858422,16.395009090909106
yolo11s.pt,1,8,18.271033033394033,17.860335527200657
yolo11s.pt,1,9,18.457270693512278,16.735514018691592
yolo11s.pt,1,10,17.763576496674055,16.226613259668525
yolo11s.pt,1,11,18.079473804100225,16.30646792452831
yolo11s.pt,1,12,17.930096330275262,15.930471135940413
yolo11s.pt,1,13,17.97465509259261,16.119129032258073
yolo11s.pt,1,14,18.02906590909092,16.14735807050094
yolo11s.pt,1,15,17.749340909090915,16.194471454880286
yolo11s.pt,1,16,18.37823664599612,17.286863924649328
yolo11s.pt,1,17,17.890542334096097,16.161272900763368
yolo11s.pt,1,18,18.15755429864253,15.743266791044796
yolo11s.pt,1,19,18.01320919540231,15.92002290076336
yolo11s.pt,1,20,17.958620370370355,15.996234285714284
yolo11s.pt,1,21,18.256133333333334,16.04044821092279
yolo11s.pt,1,22,18.08598383371826,16.11988631984585
yolo11s.pt,1,23,18.395590277777792,16.16608771929825
yolo11s.pt,1,24,18.127144469525952,16.053860640301327
yolo11s.pt,1,25,18.424503464203216,15.715447368421067
yolo11s.pt,1,26,17.929422273781903,16.135596558317385
yolo11s.pt,1,27,18.417279176201397,15.987189393939385
yolo11s.pt,1,28,18.755006960556848,15.773826335877871
yolo11s.pt,1,29,18.33145958429561,16.139086042065017
yolo11s.pt,1,30,18.460527906976736,16.00760576923077
yolo11s.pt,1,31,18.465701388888895,16.221914728682172
yolo11s.pt,1,32,18.940149816060558,17.251145522835063
yolo11s.pt,5,1,19.11582622083873,20.29482100260773
yolo11s.pt,5,2,21.948854671280266,19.877485657764595
yolo11s.pt,5,3,25.177680706521745,21.78727334851939
yolo11s.pt,5,4,25.666133333333295,23.096358611825185
yolo11s.pt,5,5,26.12519267515925,22.83449594594594
yolo11s.pt,5,6,26.258629382303848,22.070653685674525
yolo11s.pt,5,7,26.480056506849323,22.02297844827585
yolo11s.pt,5,8,26.65661975900069,23.43288358000452
yolo11s.pt,5,9,26.74500522648082,21.881632200886248
yolo11s.pt,5,16,27.133434505706894,23.112508742750947
yolo11s.pt,10,1,19.80007311360574,21.21253979385037
yolo11s.pt,10,2,22.83907209612818,19.629487761194007
yolo11s.pt,10,4,29.15876407766992,24.347008169934657
yolo11s.pt,10,8,29.874406671367048,25.252642027747143
yolo11s.pt,20,1,20.309855369170464,22.228826601157543
yolo11s.pt,20,2,25.532939870863597,21.01928198713365
yolo11s.pt,20,4,32.892574821852826,28.290934479054805
yolo11x.pt,1,1,28.722635741781147,23.812297894736894
yolo11x.pt,1,19,26.42368053855568,22.002022606382955
yolo11x.pt,1,20,25.68493576017124,23.433121951219515
yolo11x.pt,1,21,26.063295675198567,23.693617241379307
yolo11x.pt,1,22,25.73472595744683,23.484272580645133
yolo11x.pt,1,23,26.159564945226943,24.31615579432078
yolo11x.pt,1,24,25.703204592901887,24.653312456985518
yolo11x.pt,1,25,25.997736147757188,24.717121023081738
yolo11x.pt,1,26,25.499143398610233,24.656684964200497
yolo11x.pt,1,27,25.574558449809402,24.979694607268485
yolo11x.pt,1,28,25.238162445954238,25.217584152689426
yolo11x.pt,1,29,25.149036795252222,24.97004525139665
yolo11x.pt,1,30,25.30467426710097,25.22873897249612
yolo11x.pt,1,31,25.625713806595833,25.345585907859004
yolo11x.pt,1,32,25.717173936750225,25.43766014418123
yolo11x.pt,5,17,34.68176438653636,30.726492486669922
yolo11x.pt,5,18,34.10165494211932,30.354559640872143
yolo11x.pt,5,19,32.15002068965527,30.727766579243184
yolo11x.pt,5,20,30.73245828331331,30.228726542324246
yolo11x.pt,5,21,29.650557479919676,29.354810797897844
yolo11x.pt,5,22,29.223499383172776,28.17978562816486
yolo11x.pt,5,23,28.457338126453834,27.463994573158075
yolo11x.pt,5,24,28.366849030194,26.92668681102368
yolo11x.pt,5,25,27.924567877989098,26.675924631658404
yolo11x.pt,5,26,27.72735115322733,26.361244829325578
yolo11x.pt,5,27,27.29163486571108,26.154002315963517
yolo11x.pt,5,28,27.16203174853894,26.068123714602127
yolo11x.pt,5,29,27.211314212874264,25.921355715177953
yolo11x.pt,5,30,27.223552220331232,26.064436495673775
yolo11x.pt,5,31,26.39958979833925,25.737988971641347
yolo11x.pt,5,32,26.618846696513206,25.433279109142997
yolo11x.pt,10,18,36.39176442577035,33.109805356730554
yolo11x.pt,10,19,33.44269975389669,32.79703518837261
yolo11x.pt,10,20,31.26165670232856,32.25910087719292
yolo11x.pt,10,21,29.875287946428568,31.18914949292611
yolo11x.pt,10,22,29.133494299876197,30.06845975443382
yolo11x.pt,10,23,28.536353785900598,29.295496152154957
yolo11x.pt,10,24,28.583554297694096,29.02206898727495
yolo11x.pt,10,25,28.01531542987282,28.726278999172088
yolo11x.pt,10,26,27.842062364985477,28.66711617440231
yolo11x.pt,10,27,27.58809638451705,28.39011402337218
yolo11x.pt,10,28,27.71059780021338,28.54740740740755
yolo11x.pt,10,29,27.757581615190215,27.91583631427676
yolo11x.pt,10,30,27.831772999589642,27.757167433011073
yolo11x.pt,10,31,27.425556659744846,27.415586647419484
yolo11x.pt,10,32,27.29175537906123,27.212771276217538
yolo11x.pt,20,17,38.913857414750254,34.206573604060964
yolo11x.pt,20,18,35.35892392710174,32.143946769333645
yolo11x.pt,20,19,32.7137342899557,31.804696062991997
yolo11x.pt,20,20,31.52318256496206,30.42494004404917
yolo11x.pt,20,21,30.19818056485067,29.09443411142252
yolo11x.pt,20,22,29.1898633482475,29.270980548628362
yolo11x.pt,20,23,28.792971607233397,29.362632920735994
yolo11x.pt,20,24,28.46579798085472,28.910232224259754
yolo11x.pt,20,25,28.299180668687292,28.246571963514327
yolo11x.pt,20,26,28.233359847636073,27.988688219544862
yolo11x.pt,20,27,28.00022354642238,27.86340436654384
yolo11x.pt,20,28,27.771683515408586,27.709175363383977
yolo11x.pt,20,29,27.703400904047612,27.70559127495153
yolo11x.pt,20,30,27.60393260801499,28.368105518138062
yolo11x.pt,20,31,27.37236913921856,28.30873981746876
yolo11x.pt,20,32,27.195511275773196,26.138235057037082
