model,epochs,tag,batch,avg_mem,avg_power,avg_step_time,energy_per_img,gpu_util_early_late,gpu_util_max,gpu_util_mean,gpu_util_p95,gpu_util_slope,gpu_util_std,is65W,map50,mem_clock_early_late,mem_clock_max,mem_clock_mean,mem_clock_p95,mem_clock_slope,mem_clock_std,mem_util_early_late,mem_util_max,mem_util_mean,mem_util_p95,mem_util_slope,mem_util_std,power_early_late,power_limit_w,power_peak_to_mean,power_range,power_slope,pwr_max,pwr_mean,pwr_min,pwr_p95,pwr_std,sm_clock_early_late,sm_clock_max,sm_clock_mean,sm_clock_p95,sm_clock_slope,sm_clock_std,step_time_cv,step_time_mean,step_time_p95,step_time_slope,step_time_std,temp_early_late,temp_max,temp_mean,temp_p95,temp_slope,temp_std,thr_mean,thr_p95,thr_std,throughput,throughput_var_ratio,vram_total_mb,n_logs
yolo11m.pt,1,115W,1,1790.4140625,22.50747579811113,0.072492846093823,1.6302088957108325,15.013127473647085,43.0,15.018230199616003,41.0,0.04491080931768775,17.444634797531208,0.0,0.70007,0.0,8200.0,8200.0,8200.0,-3.1319989194201618e-15,0.0,2.8934519377718564,13.5,4.031779655861332,13.0,0.01018293885886535,4.574974664539809,8.044130059955325,115.084,1.786795869914429,24.851,0.02513748783674625,40.131,22.50747579811116,15.28,36.352199999999996,8.254688775892532,220.91951095262357,2655.0,2197.535534471053,2655.0,0.7524152115457066,257.812252122362,0.2878090884100052,0.072492846093823,0.10034528749956731,-0.00018574811017975,0.02117487286793785,1.8161565892080347,73.0,67.81942940436416,71.5,0.00598637060936655,2.0298761632764277,14.361322434095502,16.450066137649582,2.178926531107365,13.814941952628802,0.0233237402994699,8188.0,2
yolo11m.pt,1,115W,8,3085.866943359375,22.33006736623181,0.13878814062445594,0.3868727985791621,8.42291619177874,79.0,9.560814898846662,65.5,0.0534495991583227,21.608122475199067,0.0,0.76219,0.0,8200.0,8200.0,8200.0,-7.371820629299444e-15,0.0,4.47899095813388,54.0,5.660814898846663,42.5,0.032941720579814746,14.000444111866258,9.64681676924246,116.087,2.9244233807428905,50.15,0.0453683682242709,65.277,22.330067366231802,15.126999999999999,57.39182499999998,13.125482441550128,418.04764075678145,2655.0,2189.264818491208,2655.0,1.3832542631449305,282.30073129092284,0.3013682924628629,0.13878814062445594,0.18907995000017758,-0.0054068384558751004,0.043382023243093495,1.9947572372920064,77.0,66.76154282473057,73.5,0.0094889408575914,2.861615509724619,61.59329123635928,81.24236452533209,12.339352569651895,57.93021399446643,0.042339977937110446,8188.0,2
yolo11m.pt,1,115W,16,4728.54296875,22.571954577997374,0.23753903124975295,0.33493795439238544,10.22051282051282,84.5,11.333896339618835,83.0,0.06569593941074994,25.246003795862876,0.0,0.75866,0.0,8200.0,8200.0,8200.0,1.7177964032116843e-14,0.0,6.368498168498169,65.5,7.934723202581426,63.5,0.0471083187355399,19.11073955144123,9.656781929181928,118.83,3.1304495318060064,55.626,0.0493086871339585,70.66,22.57195457799738,15.033999999999999,61.64192499999997,14.274607707074896,402.00915750915766,2655.0,2189.8495008571144,2655.0,1.4098870568164825,285.8199480855394,0.20531592079696506,0.23753903124975295,0.3230994124982316,-0.0143742196424422,0.050404956501240245,1.886324786324792,76.5,65.75586871029546,72.5,0.0097484091860673,2.9482206708122383,69.98219024224528,77.77242657417139,9.554324652439686,67.575055078527,0.022623861423115902,8188.0,2
yolo11m.pt,1,115W,32,7936.91796875,22.471248028365743,0.4414432124995073,0.3098216401826501,15.567976748221412,92.0,11.671440850972386,87.5,0.0734041334781872,26.279035942372147,0.0,0.75759,0.0,8200.0,8200.0,8200.0,-1.0618003780261268e-15,0.0,10.751735207357278,75.0,8.579998925539918,68.5,0.0561207652593906,21.466845169292107,12.591979307652267,115.0,3.167519797620014,56.1075,0.0537354058051458,71.16749999999999,22.47124802836575,15.059999999999999,60.0275,14.084333299623502,450.9571837584592,2655.0,2180.2935156333942,2655.0,1.4578671225711965,283.7753299287681,0.15103404389039884,0.4414432124995073,0.5364400399991609,-0.0498922749997291,0.06844500065243365,2.520822488287344,76.0,65.39008273342645,72.5,0.011072070079486851,3.083654261159071,74.45091573006042,81.63288586980755,9.13262556046278,72.62509590437273,0.0199450300043531,8188.0,2
yolo11m.pt,1,65W,1,1726.775390625,20.425736332663735,0.07928551835937009,1.616128464303667,8.97107843137255,44.0,13.617728149986213,41.0,0.02811462240466,16.970470500818383,1.0,0.70007,304.9019607843138,8000.0,7430.204204397753,8000.0,0.8863059987208859,494.3377974609092,1.9259803921568626,15.0,3.8272784563107143,14.0,0.0068613535424393,5.007387255884973,5.75588088235294,52.116,2.078672378208444,28.556,0.01597798014524575,42.325500000000005,20.425736332663753,13.7695,32.8175,7.521403089360557,122.4779411764705,2505.0,2096.0762087374987,2392.5,0.3073550827309501,142.07535068864325,0.3021019331036764,0.07928551835937009,0.10937768499970835,-0.0001542385682293,0.024367961131007247,1.881372549019609,75.0,70.00092559769979,73.0,0.005091007286756349,1.8965390760401188,13.168670555940137,15.437887332802443,2.093387032113661,12.637489291695939,0.0254867348640275,8188.0,2
yolo11m.pt,1,65W,8,3019.75,19.13387635155747,0.16366917187474425,0.39146103141140787,11.817152398299939,76.5,11.054949214204205,70.5,0.057321274512305946,22.36845385386405,1.0,0.76219,263.29690346083817,8000.0,7257.544430509892,8000.0,1.101579914176243,437.2582014222912,5.60066788099575,43.5,5.793936209876962,39.5,0.0297459352787822,12.259240429967209,5.579289435336976,46.385,3.037211331057768,44.406,0.02633842789603435,58.11749999999999,19.13387635155747,13.711500000000001,40.076699999999995,9.32115611559096,107.64708561020029,2505.0,2024.0536555604517,2498.9999999999995,0.2156428060197458,172.91329233830749,0.28943884363173167,0.16366917187474425,0.22055704999957015,-0.005169887867652751,0.04883182390132515,1.284881602914389,74.5,69.43145894767764,73.94999999999999,0.0051651200768078505,1.708469390477169,51.912655744514566,66.76727650360513,9.817178605703779,49.038837041295665,0.03782539220347715,8188.0,2
yolo11m.pt,1,65W,16,4664.015625,18.972884542789053,0.2828368250000039,0.33544412912456056,7.813243739269433,89.0,10.943128092358439,79.5,0.04868610014352025,24.546302786516556,1.0,0.75866,177.3725652714461,8000.0,7265.44804837823,8000.0,0.8362804706970137,440.7146580894645,3.70590847196732,56.0,6.234735202492212,53.0,0.027332473348254747,15.122601133523382,4.922344828606947,48.715,3.6204448297325555,55.045,0.02275774807277075,68.661,18.97288454278908,13.616,42.516400000000004,9.561128942481272,191.82212420815813,2497.5,2049.936915887851,2490.0,0.42133624624369914,217.26660389102514,0.17011939995144235,0.2828368250000039,0.3683782000008249,-0.01231822976195045,0.0500001669151416,1.1287075957610568,74.5,68.81340480117281,73.0,0.0046482276441489005,1.6472743848874316,58.32376705815578,62.494568720084274,6.469385734169582,56.726411244527185,0.01787803835581265,8188.0,2
yolo11m.pt,1,65W,32,7864.265625,17.972865525006753,0.540007662500102,0.30341584127304844,19.18523842917251,90.0,11.52578426504282,83.5,0.071040946884363,25.30692828012601,1.0,0.75759,272.826086956522,8000.0,7242.477502199688,8000.0,0.971945453687219,428.33162623953456,11.656977559607292,65.0,7.322750873341523,50.5,0.04565803994500435,16.929016881097215,6.007991374474052,51.275,3.0839769196500626,42.0185,0.024476281876071898,55.485,17.97286552500675,13.4665,39.21979999999999,8.167162393400188,76.7366760168303,2257.5,1990.1384823458693,2257.5,-0.030525170693153858,224.81070718334576,0.11066651320618781,0.540007662500102,0.6248478824992161,-0.044571944999916,0.06119590529296415,1.9503155680224467,73.5,68.02622202475848,72.5,0.0064574665143323,1.6902875647506277,60.18697181748006,64.20028669273336,5.609585531847909,59.34371755660257,0.01198455799023835,8188.0,2
yolo11m.pt,10,115W,1,1812.7698791503906,27.130227639157468,0.0701481367578253,1.9001272034238683,17.55428360413589,46.5,30.191200531052928,42.0,0.00802518516330825,14.249075305076694,0.0,0.68352,0.0,8200.0,8200.0,8200.0,-2.4541086356419902e-17,0.0,3.860954985854843,15.0,7.511859531293725,12.0,0.00181517940417405,3.838733521386671,6.500688725183389,115.841,1.3661017346129523,21.879,0.0031248759472828503,36.9755,27.130227639157344,15.096499999999999,34.0865,5.852830658872749,157.1556342788474,2655.0,2298.8978260020695,2565.0,0.081130663954132,185.9555481308728,0.1635891363078892,0.0701481367578253,0.0900956224996662,-2.7946047681412307e-06,0.0114417310270298,3.7736107286216267,74.0,69.32167945488979,72.0,0.0017947625474089,2.0611544068002585,14.512391874154885,16.284835497719108,1.6523520486954202,14.27007192978937,0.0131140908023984,8188.0,2
yolo11m.pt,10,115W,8,3623.4428833007814,39.13714407524766,0.11058629156250385,0.5410147988627186,44.037789310427115,83.0,34.484410207941266,82.0,0.05881619476624125,34.210485960362504,0.0,0.81302,0.0,8200.0,8200.0,8200.0,-4.882113718665758e-15,0.0,27.302180267239326,55.5,21.976213532290455,53.5,0.03668968536874935,22.066282006250884,32.73826694106418,116.654,1.7818771630408479,55.060500000000005,0.043192167790487956,69.694,39.13714407524768,14.6335,68.1395,20.837483839952597,608.5862562634218,2655.0,2418.4559105472836,2655.0,0.7966284880882142,306.36648013250215,0.19799667773858542,0.11058629156250385,0.13866061000080654,-0.00012667648401820056,0.021890086664736248,11.54909329515629,78.5,68.4761471492912,77.0,0.0153447797387265,6.112118037488118,73.96995222852699,82.33095428134206,9.06722328609041,72.34173832275576,0.01507094992133235,8188.0,2
yolo11m.pt,10,115W,16,4861.238061523438,38.341979164611644,0.20058204187475895,0.48049609218811096,46.888564576277886,91.5,32.15332632984145,89.0,0.05919123096421835,37.83760288500072,0.0,0.83499,0.0,8200.0,8190.7849829351535,8200.0,0.0014490887598302283,73.78410194210159,35.28765796513237,72.5,24.06654303695082,70.5,0.04452906811574705,29.66119936987701,33.142314777234574,115.0,2.1819171159247635,68.316,0.04318084625855695,83.4635,38.34197916461166,15.1475,75.72,23.039311193348595,593.8774098330412,2647.5,2379.711426542248,2647.5,0.7595775855651334,311.29530757234795,0.12985481061564916,0.20058204187475895,0.23193222000008965,-0.0004773897720304,0.02614813603718425,9.467089224768408,83.0,72.22678161599822,82.0,0.01242306528293935,5.786853019557322,80.83939144599344,90.1095353090628,8.285154056700682,79.78162972700214,0.010684233755797901,8188.0,2
yolo11m.pt,10,115W,32,7965.669173177083,36.41212031510875,0.8291838699998758,0.9082034465052625,50.156988717063484,99.66666666666667,44.15189337780732,95.66666666666667,0.04735952392198933,40.56391916018051,0.0,0.8306299999999999,0.0,8200.0,8200.0,8200.0,-3.033188620376278e-15,0.0,24.577685066346323,86.66666666666667,22.756878786086777,78.0,0.027482304806100335,28.43560879469817,21.528075325379834,115.19333333333334,2.5760043529073196,78.23366666666665,0.025657635258465535,93.42666666666666,36.412120315108794,15.193,72.711,20.322170445449064,531.5603814284968,2655.0,2436.876778650367,2655.0,0.5490828497557815,292.71488926973814,0.34030634841013646,0.8291838699998758,1.2834354216663388,0.013804598186374568,0.36493915072208566,6.216553009379287,81.0,70.21848579542595,79.0,0.007802050911802,4.967630300852181,60.82508936803563,81.36939810534692,16.089580554166393,54.16715443100279,0.20513165730078295,8188.0,3
yolo11m.pt,10,65W,1,1748.5516616821292,25.28276093028412,0.074832798632832,1.8917193841633206,17.36039855072464,45.0,29.549317177239736,40.0,0.00718632039649775,14.165933878016585,1.0,0.68352,466.0253623188405,8000.0,7843.568951832129,8000.0,0.1936728565114783,363.2474372082996,3.4779637681159423,14.0,7.126157211885795,11.5,0.0015008491999535,3.6306708002051122,4.430271519927535,46.707,1.6500125767216403,28.164,0.0019495066880444,41.7275,25.282760930284134,13.563500000000001,32.9486,5.518312454257679,-59.79111413043472,2497.5,2087.1348062247503,2347.5,-0.02221643927332325,111.69946927916678,0.15603814458247012,0.074832798632832,0.09281461749951625,2.51821735384668e-06,0.011649193439179101,3.7165561594202856,78.0,73.01393938296741,74.5,0.0016145227045536,1.9293530692422483,13.572329224158338,15.469146899845052,1.4972835292053803,13.36554304353442,0.01217241784819105,8188.0,2
yolo11m.pt,10,65W,8,3529.5033569335938,29.35372483628423,0.1353449993750473,0.4966139170307191,48.912781835142084,89.0,38.04753820033956,85.0,0.0559313104839176,36.130128979238854,1.0,0.81302,649.5006029167516,8000.0,7573.517126148705,8000.0,0.7512976371501039,494.53522925249314,26.42457283916911,52.5,20.29493761284933,47.5,0.029844791877296953,19.7950191870093,19.737684737105546,52.943,2.46974806842748,58.457499999999996,0.02197044183559965,72.562,29.353724836284265,14.1045,45.67777499999998,12.630431994259567,36.80098628079986,2490.0,1970.4975139461558,2490.0,0.01916025679531665,303.6572915120723,0.16756737479379696,0.1353449993750473,0.16773741749993853,-0.0001305755175509,0.02268621497043135,5.170483243464609,82.5,74.3077788557415,78.5,0.006003744245149999,2.787113452350923,60.23112843461688,69.12977364245884,7.149123890552036,59.10828762105437,0.014131935686979302,8188.0,2
yolo11m.pt,10,65W,16,4796.8078125,29.30415939393938,0.24834134062500646,0.4548191103528761,48.00386363636363,93.5,37.67785714285715,91.0,0.05979267812652285,38.50980398038975,1.0,0.83499,681.0164141414134,8000.0,7557.142857142857,8000.0,0.859691746155409,496.10255409154934,30.648876262626267,65.5,24.101688311688314,59.5,0.0376829121910891,25.40134786556667,19.810785845959593,52.643,2.8335945785187655,69.16550000000001,0.0246807437764425,83.02850000000001,29.304159393939393,13.863,50.7485,14.475924677582777,22.267518939393995,2497.5,1967.0409090909088,2490.0,0.004414792688685299,324.92741245931245,0.1160909213146846,0.24834134062500646,0.2776114899990716,-0.00042127884845365,0.02889478733428615,4.704981060606059,80.5,74.29474025974025,78.5,0.005776058642314201,2.6955973503627133,65.14729742555954,73.17268452012578,6.263719694300253,64.43206240887253,0.0093482682693416,8188.0,2
yolo11m.pt,10,65W,32,7972.83310546875,29.16056624794779,0.9904943412499962,0.9146064283789817,53.777043027395145,100.0,49.167741084191974,100.0,0.05038166840732105,42.8200223798725,1.0,0.83063,685.9425785482117,8000.0,7650.505294654302,8000.0,0.6362986087702885,468.023597540488,21.88777279058969,77.0,20.434557021079716,67.5,0.02596746120087185,25.275797320046443,16.591932746478882,50.879,2.8569824646113426,69.625,0.01656346737573965,83.601,29.160566247947774,13.975999999999999,49.92175,12.946461907184503,129.5859193623278,2497.5,2079.3035017230723,2490.0,0.07783804073451539,328.02450100957134,0.3394560945047589,0.9904943412499962,1.5829003649997502,0.0065694895544143005,0.45751714377248154,3.947357220244541,79.0,74.13473784357117,78.0,0.00388040135925725,2.3331431431711023,49.19200074417738,66.03806454107077,12.695279593736224,42.98539104518446,0.19943440272619675,8188.0,2
yolo11n.pt,1,115W,1,1125.4124348958333,15.785196714480662,0.05977119322917973,0.9432056948087442,12.35843502507345,33.666666666666664,10.87209146906626,32.666666666666664,0.0403387102814274,13.884352963786775,0.0,0.4819,0.0,8200.0,8200.0,8200.0,-2.0598731848527397e-15,0.0,0.9761610022727866,4.0,1.3765213777818819,4.0,0.0036119928872748335,1.330723572176613,2.0571997877519306,116.92266666666667,1.19775313665377,4.862,0.006401268022174934,18.906000000000002,15.785196714480662,14.043999999999999,18.844333333333335,1.9398540938945559,0.0,2010.0,2010.0,2010.0,2.1984614411570393e-16,0.0,0.5814886012404307,0.05977119322917973,0.07781179833299344,-0.00022131965699614993,0.035133342664390006,2.0156126591978207,58.333333333333336,56.5902272019919,58.0,0.004852999817168299,0.9531892478560716,17.893405252606062,20.352816808005574,2.626301216415823,16.753421971132877,0.0218470835971762,8188.0,3
yolo11n.pt,1,115W,2,1220.8193359375,16.16443813387424,0.0656503031250181,0.5306001316672235,9.284552845528454,34.0,7.626774847870182,34.0,0.0360642958163574,12.839256372658667,0.0,0.55542,0.0,8200.0,8200.0,8200.0,1.094309324172686e-16,0.0,0.845528455284553,5.0,1.843813387423935,5.0,0.003766566231577,1.5159554594491749,1.6705447154471518,115.717,1.291476995804277,6.3050000000000015,0.0071167569434109,20.876,16.16443813387424,14.571,20.5358,2.135086842324192,0.0,2010.0,2010.0,2010.0,1.205094451278682e-15,0.0,0.6141900493543806,0.0656503031250181,0.0852299800001219,-0.0007035013232608,0.0403217629164849,0.3658536585365795,60.0,58.49290060851927,60.0,0.0016353166709763,0.6698750331972745,33.61492368171883,41.318623244991535,6.802501815002222,30.464444256889276,0.040951807349767,8188.0,1
yolo11n.pt,1,115W,4,1362.91015625,16.054798245614013,0.0764250156249843,0.3067470516942557,10.833333333333334,40.0,5.868421052631579,39.0,0.0377568648097267,12.306939390280917,0.0,0.58282,0.0,8200.0,8200.0,8200.0,-2.9423610161625043e-14,0.0,1.956140350877193,9.0,1.9956140350877196,8.0,0.0067723592772539,2.285533848762276,1.775517543859646,117.343,1.421444209442769,8.291000000000002,0.0079433667909885,22.821,16.054798245614037,14.53,22.52375,2.438991775375185,7.894736842105203,2040.0,2012.565789473684,2040.0,0.0184350372649304,8.389899200065376,0.6958097306727322,0.0764250156249843,0.1009194849998948,-0.0020992059567436,0.0531772695386797,1.1666666666666643,60.0,58.8859649122807,60.0,0.0031709048753848,0.6353445249905901,60.3032607456845,76.26256189827217,14.34221108067332,52.33888364024548,0.0565653693885017,8188.0,1
yolo11n.pt,1,115W,8,1572.5481770833333,16.488244539245787,0.09373047500012881,0.19305714960254175,9.601735049269454,44.666666666666664,5.368465103920642,29.0,0.037386013123110066,11.748175446635427,0.0,0.59235,0.0,8200.0,8163.34435521965,8200.0,-0.1875462841379053,167.27459101444893,2.937347802695662,15.333333333333334,2.01219993242534,10.333333333333334,0.011508253832922533,3.908186942563012,4.12686383296523,118.56866666666667,2.0242265027176316,19.032,0.014776480999642266,33.366,16.488244539245787,14.334000000000001,29.70249999999999,4.556891817944635,148.2694104655114,2665.0,2076.418657002834,2665.0,0.49033038512013905,192.36423503832407,0.5377173050407311,0.09373047500012881,0.15267899166658097,-0.0061369220587724335,0.05277252081495947,1.5273955147808376,62.0,57.95534299060515,61.0,0.005573430318312,1.2924132467632272,98.49319029546433,137.6429195155591,24.753466302875996,86.17917941556841,0.06668163936903607,8188.0,3
yolo11n.pt,1,115W,16,2074.83984375,16.59150392191628,0.13298593333313605,0.1378112311431921,6.087295746167686,42.0,3.511467034410297,13.666666666666666,0.022847996247401702,9.28961654720039,0.0,0.59366,-70.37037037037044,8200.0,8152.960181708618,8200.0,-0.38166866616297934,226.51911733131598,2.239952718676123,22.0,1.7531803257157865,6.333333333333333,0.009580948413207233,4.813863788816101,4.3363439208310375,117.35333333333334,2.240088958476338,23.146,0.0155849834495344,37.17033333333333,16.591503921916285,14.024333333333333,30.964316666666658,5.0471326986581335,169.27130261534117,2660.0,2080.1870370370375,2655.0,0.5385972078411834,200.38649086533403,0.495896254221395,0.13298593333313605,0.24933268999917182,-0.021777929364939937,0.06990003651932003,1.0405546386745357,64.33333333333333,58.48050348429364,62.0,0.004294850252288133,1.3635876333010994,142.55821862971916,180.97905180421057,39.3605916462613,122.679662409818,0.08377555137210553,8188.0,3
yolo11n.pt,1,115W,32,3046.79296875,16.91843449240186,0.19812317500100102,0.10447011967962525,9.788360067539045,62.0,5.459608484592655,38.42499999999944,0.037194373240682255,13.979613322332597,0.0,0.58293,0.0,8200.0,8185.436893203883,8200.0,-0.09059955801827947,92.3351503930914,5.190797804981006,43.5,2.874168953144787,22.2999999999995,0.0215823354994299,9.590631070663516,5.410170694385815,117.802,2.5504262903696278,28.8675,0.0201951800470886,43.164,16.918434492401857,14.296500000000002,32.52104999999996,5.880191268082758,244.53909877585465,2655.0,2095.6132598142676,2655.0,0.7666750265829291,208.22724620752433,0.2636776166878336,0.19812317500100102,0.2799716975010596,-0.041058559999692046,0.058959768617894946,0.9081363444491366,66.5,58.52238550021106,61.62499999999994,0.004549566872564199,1.603894109140314,178.0986863168859,202.069895445736,29.97785384065303,165.41713349606013,0.050208525768516,8188.0,2
yolo11n.pt,1,65W,1,1084.6393229166667,15.314039383709721,0.06276797109369993,0.9609843436002845,12.276859164415514,30.333333333333332,9.965522481726827,29.333333333333332,0.03635429109560424,12.37304886505425,1.0,0.4819,546.770232008429,8000.0,7415.972345891812,8000.0,1.4497403295679707,491.9967013538671,0.5302847291536893,3.3333333333333335,1.6253264083248629,3.3333333333333335,0.0020192565349471,0.9104167038108133,3.424505773070411,53.543,1.4179979824318387,9.369666666666667,0.0096267719539428,21.706666666666667,15.31403938370975,12.336999999999998,19.688666666666666,3.1130151408283933,0.0,2010.0,2010.0,2010.0,-5.87778109901857e-16,0.0,0.3689640442079029,0.06276797109369993,0.08522382000008594,-0.00016962416920352375,0.023399064578360166,2.5249144596933797,60.666666666666664,58.52935136389135,60.333333333333336,0.0059094042059432,1.2532831957345982,16.727469348884657,19.307835781912853,2.5659848264175307,15.961739432164523,0.023805177870782696,8188.0,3
yolo11n.pt,1,65W,2,1230.1328125,14.90395963302752,0.0718224531249944,0.5352194710599644,14.0,34.0,7.620183486238532,34.0,0.0422194777699364,12.435402110684086,1.0,0.55542,522.0588235294117,8000.0,7352.293577981652,8000.0,1.51106314085268,477.6848468337022,1.3014705882352944,5.0,1.882568807339449,5.0,0.0043267377522639,1.470495394070021,2.699536764705881,54.382,1.9545141504172647,16.908,0.0096791264388606,29.13,14.903959633027524,12.222,21.242,3.377414752348264,0.0,2010.0,2010.0,2010.0,3.2329971920461427e-15,0.0,0.6221682227600999,0.0718224531249944,0.0937725899997985,-0.0007446509065921,0.0446856480150483,1.580882352941174,59.0,56.78532110091743,59.0,0.0043724758781423,1.0243660548482625,30.73527404133951,37.553322711344,6.095999971568652,27.846445129343444,0.0393383131486416,8188.0,1
yolo11n.pt,1,65W,4,1357.05859375,14.700456211812622,0.0800569656250189,0.2942184794052949,11.51639344262295,36.0,5.270875763747454,34.0,0.0367644986562505,11.014614761166523,1.0,0.58282,450.8196721311479,8000.0,7270.875763747455,8000.0,1.3431412006459873,444.412065949708,1.762295081967213,8.0,1.894093686354379,8.0,0.0060550334087238,2.0285602690464044,2.7050409836065565,51.443,1.6829409675136506,12.330999999999998,0.0099831997356093,24.74,14.700456211812629,12.409,23.314,3.4991683369804583,0.0,2010.0,2010.0,2010.0,3.234655252449604e-15,0.0,0.6903563949984745,0.0800569656250189,0.1013572100000601,-0.0022481312500013,0.0552678381834048,1.2950819672131146,60.0,57.5132382892057,59.0,0.0038578940592183,0.8305078454197733,57.2053878962459,71.50546475530669,12.982726241102108,49.96442181852996,0.0515060125558237,8188.0,1
yolo11n.pt,1,65W,8,1531.0528157552083,15.362732111422568,0.10480615416666217,0.20092220489031265,10.122165571938206,39.666666666666664,5.155926740358489,29.666666666666668,0.03397283283836383,10.357226593592378,1.0,0.59235,322.4511199914259,8000.0,7231.060542624905,8000.0,1.02309191259939,421.13002235378235,2.3665464761992254,13.0,2.045119023794118,9.666666666666666,0.008648495102815167,3.099276646488944,3.9734326933382316,46.30233333333333,2.4678749638173123,25.44033333333333,0.014230113726173166,37.904666666666664,15.36273211142256,12.464333333333334,27.741599999999995,4.9209012171014175,90.91067245418223,2415.0,2045.225971395,2415.0,0.2413182165523533,109.8468706719757,0.5134889796681742,0.10480615416666217,0.17723380833312297,-0.006054190686271233,0.055957309618952594,1.6047647482124534,64.66666666666667,60.93569211011292,63.333333333333336,0.004738040170443034,1.1471014545455616,87.5563102921683,120.97654030399792,22.2418907958879,77.06039207401881,0.06667993506492693,8188.0,3
yolo11n.pt,1,65W,16,2037.7591145833333,15.448835829472488,0.14640523333351516,0.1411710163489219,7.619797475513348,44.0,4.224900462263192,26.666666666666668,0.02750171152951743,10.400019046275629,1.0,0.59366,379.5016797236552,8000.0,7221.101053680645,8000.0,1.148600221413096,413.3927781207968,2.6878550807518615,21.333333333333332,2.09970199616583,12.0,0.010691543756024135,4.769287175285139,4.464633151922279,51.41233333333333,2.700686547284276,29.130333333333336,0.015865991380350733,41.75533333333333,15.448835829472486,12.625,30.944333333333333,5.855590531488993,118.02696840710148,2505.0,2050.4408438265414,2505.0,0.28440159603081533,132.54579299123338,0.4510624374825791,0.14640523333351516,0.26038272666719414,-0.021227341269910233,0.0690543423772874,1.155403912895591,66.33333333333333,61.75055034423686,64.33333333333333,0.0034899164048812666,1.1619788745409965,125.7857288267906,158.98868119068916,31.534189510901655,110.22190032308913,0.07101500650929643,8188.0,3
yolo11n.pt,1,65W,32,2990.390625,15.688061125319697,0.2216752374997668,0.1087445407847633,14.766027280477408,63.0,5.841730605285592,43.5,0.0468227585683936,15.5494713505426,1.0,0.58293,317.26342710997505,8000.0,7207.129156010231,8000.0,0.9359509487553597,404.22567654688714,7.570929241261723,39.5,3.3053815004262574,20.0,0.02503880719033975,8.985397839504763,4.542565430520034,51.867,2.773517638533369,30.703000000000003,0.015961590928904,43.527,15.688061125319692,12.824,32.312799999999996,5.955438440806114,171.89514066496167,2437.5,2056.9789002557545,2407.5,0.3917356419256359,124.31686233220196,0.2237348552965867,0.2216752374997668,0.29947608499905976,-0.037770264999926396,0.0563491991311175,1.3075873827791966,67.5,63.5174126172208,66.0,0.0037021050472762,0.9846878702810486,156.51530528681417,173.1641660297604,22.225894175437976,147.54711175455785,0.0420200126183065,8188.0,2
yolo11n.pt,10,115W,1,1127.1128051757812,18.320847253566686,0.055480868749988546,1.0165524690070813,15.621872259318712,34.5,24.323443078731252,33.5,0.008253468838041799,11.696033491507759,0.0,0.46471,0.0,8200.0,8200.0,8200.0,1.9475130468377467e-15,0.0,1.5215154364668522,4.0,2.4493893797006403,4.0,0.0008089478255671,1.1933955370667046,2.67034494511514,115.0,1.0678876830013637,5.1105,0.00146583951162545,19.564,18.320847253566683,14.4535,19.49165,1.7152181860849576,0.0,2010.0,2010.0,2010.0,1.3181386704765392e-15,0.0,0.16172586562325206,0.055480868749988546,0.06901842750066861,-9.055644512459059e-07,0.00894459003164715,2.6564622296520746,62.5,61.335972523321104,62.5,0.00153248236879195,1.1288190698130107,18.285568022956447,20.3218174228758,1.9025370167803204,18.02820128369102,0.0108437574370958,8188.0,2
yolo11n.pt,10,115W,8,1765.104296875,25.44106890507009,0.0680201528125053,0.21629969855761805,22.871140905121486,49.0,16.84745659320902,46.5,0.0476436885247348,19.241584222380517,0.0,0.65898,0.0,8200.0,8184.126984126984,8200.0,0.01366412172399636,96.29048182922604,7.791506138593517,18.5,6.575139980479786,18.0,0.0165397503446192,7.117717139374323,17.11061229259773,115.149,1.6425182217136838,26.8215,0.0328493042455993,41.766999999999996,25.441068905070118,14.9455,40.473150000000004,10.641339958771676,525.5058560641085,2655.0,2317.706455154878,2655.0,1.0037427657970805,319.8209814418004,0.26833807879250837,0.0680201528125053,0.08939380750089175,-9.25667058059399e-05,0.01827191408740295,5.212577695587402,71.0,65.15244387938563,70.0,0.00976790031905005,2.9563841345275206,121.75291960062916,143.86574786413212,18.319925715392777,117.61303290070428,0.02266495929609135,8188.0,2
yolo11n.pt,10,115W,16,2503.331640625,26.059527736625512,0.0889917650000825,0.14486151991410073,29.270833333333332,63.5,18.03604938271605,61.0,0.06612968675633765,23.165756886273236,0.0,0.66065,0.0,8200.0,8184.3621399176955,8200.0,-0.007415212894663857,95.5937936344666,14.222985347985349,35.5,9.340109739368998,33.5,0.0328558908691812,12.518178507711347,19.90648076923077,116.211,1.8211582119477923,32.5185,0.0434789608010518,47.446,26.059527736625512,14.9275,45.3484,12.68481577741055,505.71428571428555,2655.0,2282.1325102880655,2655.0,1.0942311085006455,316.1207381579868,0.27105159060414563,0.0889917650000825,0.11571122999912395,-0.00037212432958779997,0.0244834213626051,5.502976190476186,73.5,66.09294924554183,72.5,0.0115566306268598,3.371898873826636,187.2743394812166,229.8467569757075,30.566240612732678,180.0073604167507,0.02698803647182285,8188.0,2
yolo11n.pt,10,115W,32,3689.47265625,26.785979983671105,0.14600279749993206,0.1221582846214324,36.5632884097035,75.5,18.967931032935873,73.5,0.08035771478320645,26.09515162623846,0.0,0.62894,0.0,8200.0,8200.0,8200.0,2.078699849516264e-15,0.0,23.865283018867924,53.5,12.18742429951821,52.0,0.0520669963340836,18.34693111264599,22.554760197663967,115.0,1.950979614834481,37.4155,0.05140134508294985,52.2345,26.785979983671126,14.818999999999999,49.456375,14.552804501122333,518.8404312668463,2655.0,2264.077833553145,2655.0,1.16123508488633,312.75430607274177,0.18399258918300826,0.14600279749993206,0.16542116999962664,-0.0008774630300344001,0.0271712455584244,5.687259658580409,76.0,66.84068132676589,74.5,0.012246224714271801,3.5430194552652363,223.62792919659074,239.14468763273263,20.807888554440616,219.24921337530031,0.00956843693798465,8188.0,2
yolo11n.pt,10,65W,1,1062.4637100219727,19.12951208528699,0.0629893709765781,1.205125384656037,13.170370740107566,31.0,21.2067554796713,30.0,0.00627497173243175,10.121257678647947,1.0,0.46471,556.9050501017009,8000.0,7834.113788932459,8000.0,0.2692121934758795,371.9608460758179,1.4292411744886877,4.0,2.3764570324335166,3.0,0.0006748585031936,1.119795774401446,4.1297667394586774,53.363,1.285362822521586,11.636500000000002,0.0019868203805813,24.601,19.129512085287,12.9645,20.8185,2.6405153513963056,0.0,2010.0,2010.0,2010.0,-4.630253406296446e-16,0.0,0.16599004884681556,0.0629893709765781,0.07896630999921389,6.388057704662813e-07,0.010426956346347601,3.7696482274105563,69.5,67.50095609182529,69.0,0.0018734354099855,1.5430291408777874,16.140328450344313,18.51409739792237,1.85446979974295,15.879674541034053,0.0132266631209286,8188.0,2
yolo11n.pt,10,65W,8,1699.9671875,23.769390867744914,0.07521766374993599,0.2234849384163699,27.440800799098888,49.0,17.22782553716022,47.5,0.0459831300687738,18.612653835961176,1.0,0.65898,770.1740590398063,8000.0,7527.110386160288,8000.0,1.340150975454178,499.26272089790416,9.402471680870509,18.0,6.234283680105413,17.0,0.01569456607180185,6.687656555683945,15.353344908932481,48.936,1.8729730862714322,31.113500000000002,0.0269149942227798,44.58,23.76939086774488,13.4665,37.152025,10.094347033557176,311.03951926550894,2497.5,2196.2626585977514,2497.5,0.551144801244702,210.00417771641935,0.2902295569151644,0.07521766374993599,0.0975961324994386,-8.40350588897443e-05,0.0218298127727237,4.612808960108815,75.5,70.82282479331818,74.5,0.00815696424207415,2.7353314553856443,110.40376231974432,131.8792325068848,17.121417692768258,106.35799670301074,0.0240572672752359,8188.0,2
yolo11n.pt,10,65W,16,2439.028125,22.750037673426853,0.09864450562495215,0.14026136113577592,27.765088741580243,63.0,17.618056250709056,60.125,0.058056889471967354,23.00132602232881,1.0,0.66065,754.985031540682,8000.0,7463.846456719187,8000.0,1.4868471098808782,498.55591442729076,12.944563241740617,32.0,8.52743715256228,29.75,0.02774587371211,11.660101803964801,14.583468459317865,49.871,2.1298845777231374,34.6775,0.0289480399561635,48.459500000000006,22.750037673426895,13.782,37.074,9.853865565248128,228.0196861969423,2497.5,2099.4419933332,2490.0,0.3778883723227834,191.14623776128735,0.28113122658986717,0.09864450562495215,0.1286217374999978,-0.00037269518108875004,0.0277232268101444,4.242956805303102,77.0,71.30858475645158,76.0,0.00825342163407475,2.544405403724978,169.41979315143558,215.74038580196998,30.078675152254057,162.19872794019616,0.03152734663208395,8188.0,2
yolo11n.pt,10,65W,32,3625.734375,22.36551801295205,0.17104606875022904,0.11948658023859021,36.911441112757956,80.0,19.707292416206947,78.0,0.07683612225894955,28.06793747146016,1.0,0.62894,746.5083798882683,8000.0,7425.430624772362,8000.0,1.504239903169361,494.4081370800807,21.505273058944248,47.5,11.429270047704076,47.0,0.04465742665387465,17.043916674980395,14.51710357997948,49.502,1.8992307428094537,28.6845,0.02969919966191795,42.5355,22.365518012952055,13.850999999999999,36.9607,9.711244669511284,62.59348990993044,2497.5,2031.520027716334,2490.0,0.13242846002507444,216.30206509039027,0.17186846453785654,0.17104606875022904,0.19542163499900178,-0.0008613945731728499,0.0299401938280538,3.362900467449549,77.5,71.38198260622374,75.5,0.00670578385361865,2.162701707253051,190.856037913693,205.64425819428618,17.800486965626916,187.24630354641624,0.010062166987508999,8188.0,2
yolo11s.pt,1,115W,1,1369.4765625,17.32759681305692,0.0604638175779257,1.047455505884343,11.680969785575051,36.5,11.93941777292841,35.0,0.042047098927464555,14.899480609810485,0.0,0.64549,0.0,8200.0,8200.0,8200.0,-1.2903814403384707e-14,0.0,1.4389132553606239,8.0,2.11869430805601,7.0,0.00628024110299235,2.653469845885911,2.698602314814816,118.956,1.2672645394623934,7.119,0.00904897530569155,21.958,17.32759681305692,14.839,21.4495,2.8082293930570597,0.0,2010.0,2010.0,2010.0,-2.8504000273364994e-15,0.0,0.3445631414508927,0.0604638175779257,0.083803282500321,-0.00017112071635695,0.0212053974460313,0.41340155945419355,64.5,63.57174031642117,64.5,0.00148741071172195,0.647157676021505,17.342351361721818,20.16953824248433,2.7465596971083603,16.569531007016778,0.02527719258419355,8188.0,2
yolo11s.pt,1,115W,8,2048.54296875,18.30274154427032,0.09317128750012665,0.2130210488036416,7.874529045824936,59.0,7.058818547417656,46.0,0.04399647215702725,15.56085709421555,0.0,0.69795,0.0,8200.0,8173.509933774834,8200.0,-0.12160170355982491,123.25711389808578,3.223604661351091,31.5,3.1149350862238547,21.0,0.02080891388479065,7.790405614673502,4.782545036362042,118.12,2.651222104143414,33.8475,0.023391378687921502,48.525000000000006,18.302741544270322,14.6775,38.84189999999998,7.624604989415776,174.09752037150614,2655.0,2105.2363369615105,2655.0,0.68915656373655,216.84202626715194,0.42195849586423045,0.09317128750012665,0.1405027500004507,-0.00502170882362615,0.0412536836280376,1.4599141330062224,69.5,62.91644810176382,67.5,0.0066127650609753,1.7786876150826747,95.41810177510246,127.85906070774433,21.778422482702034,86.42790045428816,0.055358212233661,8188.0,2
yolo11s.pt,1,115W,16,2877.31640625,18.615965102539576,0.1485518000004049,0.17222670582057265,9.623757778396953,62.0,6.226007815832247,33.0,0.042784307965753846,14.608763483768499,0.0,0.69805,0.0,8200.0,8185.201793721973,8200.0,-0.07811435332643216,93.0587817337467,4.411581684777561,44.5,3.5136892342098287,19.0,0.0242553916516473,9.994293548154845,6.3156035107272235,115.0,2.7877923596783676,37.159,0.02877233804486105,51.8935,18.61596510253957,14.7345,41.1875,8.326352191715475,277.5111451657842,2655.0,2120.257919582233,2655.0,0.9729007250311664,236.06321595043727,0.329569443520213,0.1485518000004049,0.23790233250047083,-0.01693865833325005,0.05301668311674925,1.6504132998978314,71.0,62.84793998639722,66.5,0.006748930863809149,1.8069890662791406,119.13282936635261,142.50530304886007,24.590244769857055,109.64979823946308,0.053280433651344654,8188.0,2
yolo11s.pt,1,115W,32,4519.91796875,19.167780804022506,0.2650807875002101,0.158423687449081,8.250265572187349,78.0,6.355427809564807,60.5,0.040954943160647544,17.715431886191148,0.0,0.69445,0.0,8200.0,8186.3325740318905,8200.0,-0.07361347112338788,89.51903176571926,4.896426846933848,64.5,4.2133666947667985,48.5,0.02893298876896685,14.469434392540663,8.587983196523417,117.55,2.9586468373914636,41.989,0.03560209532347035,56.7195,19.1677808040225,14.7305,42.232,9.0449099092661,446.828343795268,2655.0,2161.594263985795,2655.0,1.4505068030865265,271.2216309628974,0.21116250068975845,0.2650807875002101,0.3512954750020071,-0.045366745000683245,0.06169564109736335,2.078223080637372,72.0,63.236543325022865,68.0,0.00810967845429285,2.1503019301182817,128.88454522018708,144.04345838977224,19.04792417258631,123.0727900340986,0.03555446676047615,8188.0,2
yolo11s.pt,1,65W,1,1306.091796875,17.791288469005273,0.0661068003906848,1.1760856136623352,11.52024884607666,35.0,11.153013604527873,33.0,0.0362199504033012,14.068195890316211,1.0,0.64549,546.9997993176803,8000.0,7437.891074175292,8000.0,1.455959528517609,496.0959790069087,1.6205298013245033,8.5,2.261532488090438,7.5,0.006116950485067,2.7514974910846517,4.319604615693357,49.329,1.4540599753962868,12.033,0.012220449670226001,25.867,17.791288469005273,13.834,23.15025,4.043282638790091,0.0,2010.0,2010.0,2010.0,4.682045303236031e-16,0.0,0.3109236287848536,0.0661068003906848,0.08757801750061835,-0.00012521673557495795,0.0206401100039508,0.9340758579169162,72.0,70.1379978495587,72.0,0.00275489938914635,0.9440806962531962,15.741036884829512,18.365690324934597,2.3678184429147713,15.128307516394123,0.02265999993958295,8188.0,2
yolo11s.pt,1,65W,8,1975.640625,17.898857748724478,0.10317531874989065,0.2307746987611754,10.769467213114755,57.0,6.884024234693877,43.0,0.03897167067163865,14.846817327997568,1.0,0.69795,405.079039812646,8000.0,7243.718112244898,8000.0,1.293623649200541,429.18664241681984,4.496853044496487,28.5,2.976307397959184,21.0,0.0177211820310192,7.121525765927328,6.15795762587822,48.293,2.2525723181134403,26.527,0.023667825464792902,40.32,17.898857748724488,13.793,37.542,7.2132232786135075,131.54091042154573,2505.0,2057.888073979592,2467.5,0.3522969262601981,142.06952121240113,0.40607508020739486,0.10317531874989065,0.1634371499994813,-0.00516675323521715,0.04412654141132095,1.292959601873541,75.0,69.67838010204082,73.5,0.00463588713568935,1.4711998853821147,86.18882099609709,120.8867758493733,20.702034790752364,78.2220030884586,0.06062603718539775,8188.0,2
yolo11s.pt,1,65W,16,2804.640625,17.556141775724903,0.1672311187489867,0.18343136577021052,9.591521273339456,59.5,6.4903962212148,35.5,0.04094721946960665,14.781606199159201,1.0,0.69805,309.4582185491281,8000.0,7228.26438190821,8000.0,0.9905272190424312,419.68341452785205,4.705693296602387,38.5,3.6393189442971328,18.5,0.0223091404376712,8.977811491383843,5.413205081114175,46.607,2.9112981886120566,37.507000000000005,0.02170405332057805,51.1375,17.556141775724917,13.6305,36.8369,7.518307528906721,128.90036730945826,2505.0,2048.7930174208077,2347.5,0.30182711048856575,111.55013579775368,0.3159977588620962,0.1672311187489867,0.2605530324999562,-0.01640972202399315,0.05621140928005445,0.8451178451178478,73.5,68.83980554842756,71.5,0.00331520533901925,1.228340739757591,103.9200077066026,119.92422116287183,19.066364039208644,96.62091371138264,0.0407865625850736,8188.0,2
yolo11s.pt,1,65W,32,4453.359375,17.55800692022111,0.2869133500003045,0.1571563910700225,21.36805555555556,83.0,9.393708055402566,78.0,0.06832569455564436,23.308981314818155,1.0,0.69445,375.534188034188,8000.0,7222.214572751565,8000.0,1.2212378005723878,415.7267123924422,12.897435897435898,57.0,5.7896829039430475,48.5,0.04250692309705155,15.301394087636545,7.049243055555557,48.29,3.546536612412738,48.606500000000004,0.02583819290137335,62.1665,17.55800692022112,13.559999999999999,36.055499999999995,7.513899887950462,264.7756410256411,2505.0,2067.635089651796,2505.0,0.6324440956246082,221.02549865017133,0.17828330967530584,0.2869133500003045,0.361349750001591,-0.0352086900003996,0.054763299150646545,1.2574786324786373,73.0,68.2400760867348,71.0,0.00412725691849355,1.2988913246849507,116.69742508184873,129.77964250637893,15.354620095918136,112.39787132846351,0.02878721181393595,8188.0,2
yolo11s.pt,10,115W,1,1373.954621887207,19.91271792718379,0.057262764765617605,1.1402390458634974,16.013657239545566,38.0,26.21589621721112,37.0,0.00810103515307845,13.27362429390104,0.0,0.65367,0.0,8200.0,8200.0,8200.0,-2.4500921012776584e-15,0.0,2.3985514210576895,8.5,4.448009951335436,7.5,0.0012068748769196499,2.358814119295623,3.3990662403056713,119.486,1.1108569694825006,7.336499999999999,0.0017493485906554499,22.119999999999997,19.91271792718372,14.7835,21.546999999999997,2.297231386344024,0.0,2010.0,2010.0,2010.0,-5.808778045778465e-16,0.0,0.16022772534012808,0.057262764765617605,0.07163946249875144,-1.4080751014246512e-06,0.00918490747128855,2.203281581729385,66.0,64.67122987963457,65.5,0.0011958503191965,1.0386452142567062,17.713093366702054,19.743143480816112,1.867804846121225,17.463647696047417,0.0111213730577888,8188.0,2
yolo11s.pt,10,115W,8,2286.0166015625,29.81836847946728,0.0745586328126478,0.2778847960457877,32.87768299104792,64.5,22.923209829897434,62.5,0.05723265142318385,25.335948304948225,0.0,0.76718,0.0,8200.0,8186.681465038846,8200.0,0.008957772959838272,88.39534831189407,16.939610321221696,36.0,11.909343571497914,34.5,0.02972975855102905,14.003850682691835,22.88298628751975,115.0,1.806895187708219,38.923,0.0389993214371438,53.8595,29.81836847946726,14.936499999999999,51.62375,14.671018526249727,527.4069510268562,2655.0,2341.7922363646385,2655.0,0.8953382662902922,315.54953897859434,0.26677172767302404,0.0745586328126478,0.09807190750125294,-0.00012050886360459623,0.01991466890008705,6.816840442338076,76.5,68.78621009490374,75.0,0.01156542425118685,4.003486316196906,111.07828008384317,130.0039122417632,16.734387346771506,107.29936544321765,0.02270189911375175,8188.0,2
yolo11s.pt,10,115W,16,3285.66484375,31.25466339238703,0.1129518787499819,0.2205826405497378,36.76403207331042,80.0,23.206697742125314,77.0,0.06871611002461905,29.447013514776415,0.0,0.76543,0.0,8200.0,8186.265060240964,8200.0,0.0029906284721737822,89.73469387721416,25.150032372130084,57.0,15.361571220615108,55.0,0.046704036294125645,21.067086557648512,26.513239354549526,115.0,2.022198592783285,48.045,0.05020874943393665,63.1845,31.254663392387027,15.1395,59.3524,17.33211731330254,542.5313760645452,2655.0,2319.4555471242297,2655.0,1.0190988809341306,315.1674333730197,0.21983777607605592,0.1129518787499819,0.1395049675009431,-0.00044098555672895,0.0249562307981427,6.951840231087203,80.0,70.38711246012326,78.5,0.012965155299303449,4.392302495958706,145.63293387473368,169.71515747471233,19.847647108176794,141.6807957012376,0.018644730391355897,8188.0,2
yolo11s.pt,10,115W,32,4629.95625,30.655933556101104,0.2158533337499193,0.2067417088756107,32.46846411544904,84.5,19.3575670175326,84.0,0.05063397141248695,31.74607427102925,0.0,0.75562,0.0,8200.0,8200.0,8200.0,3.168041943382344e-15,0.0,25.833666194218956,71.5,14.97979445460672,70.5,0.04043802120017525,26.5803250915772,24.022282147919082,115.0,2.497317967438535,60.935,0.040863515927733254,76.28399999999999,30.655933556101107,15.349,64.0785,17.697751679857976,576.8306274964566,2655.0,2331.1961165399057,2655.0,0.9651497043934942,316.47619674365217,0.1365061393032243,0.2158533337499193,0.24097062249975346,-0.0008867932504926001,0.029560926068679,5.525007516213549,80.5,70.51372976904892,78.0,0.0092320983152985,3.8948433356021432,150.22342254493756,162.93161805760138,13.886394267686002,148.25837818038724,0.008853054401064549,8188.0,2
yolo11s.pt,10,65W,1,1309.2213317871094,21.080031888927692,0.06355164445309636,1.3396499622728588,15.414890297181813,35.5,23.314339258266603,33.5,0.0067465542241099494,11.31659248454433,1.0,0.65367,542.5032406740602,8000.0,7835.384957383412,8000.0,0.25908898109720174,370.80024730124745,2.615737673436075,8.5,4.250451226967352,7.0,0.00115597774981555,2.174212764231223,4.785962813865282,49.82,1.3167590101781106,14.04,0.00226404918839255,27.772,21.080031888927685,13.732,23.239,3.2203464744342716,0.0,2010.0,2010.0,2010.0,-1.0243457562480176e-16,0.0,0.160553871165284,0.06355164445309636,0.0796476825001263,-1.0083361615523353e-07,0.0102069527138078,3.2936254740986115,72.5,71.16014726274614,72.5,0.00158388744786335,1.4262895210945645,16.003456276958797,18.47849573124178,1.891792849065208,15.735272912719786,0.0140075070337266,8188.0,2
yolo11s.pt,10,65W,8,2223.4897338867186,24.838390188724162,0.0803384146875373,0.24939038628352456,31.295553496989346,71.5,21.996596454435988,68.0,0.0450788743637733,26.873060129307884,1.0,0.76718,622.9350007719622,8000.0,7486.099188219094,8000.0,0.8921486534981407,499.1456198932815,14.788930060213064,36.0,10.499432982464224,33.5,0.02125934681056785,13.23032372633664,14.908414775358963,45.822,2.6285019123426725,51.40050000000001,0.0212062083994028,65.396,24.838390188724176,13.9955,40.603475,11.082134746368624,89.11000463177402,2505.0,2067.361445592243,2460.0,0.14169570620659283,191.80298315565682,0.2667298386000324,0.0803384146875373,0.1091803575001904,-0.00011914221046174529,0.021500630294597152,3.8660104986876718,78.0,72.77521379585832,77.5,0.00561706649953505,2.553110360079984,103.20374407028561,120.52471954021699,15.78874718376405,99.58657876405579,0.02352348269348445,8188.0,2
yolo11s.pt,10,65W,16,3221.95,24.447039751109433,0.12719992249985806,0.19434414325571295,26.66139315230224,81.5,19.67339871433513,76.5,0.03758331889713665,28.473285692388618,1.0,0.76543,459.41558441558436,8000.0,7402.532877549067,8000.0,0.6943056001972339,490.3867714906605,15.701106847697758,53.0,11.64955421207951,49.0,0.0218918901184326,17.652338242650593,11.877816469893745,49.935,3.129845978940309,62.49999999999999,0.01742032936927215,76.316,24.447039751109408,13.815999999999999,49.11172499999999,12.77817750462456,204.96627804014156,2505.0,2095.5226946159564,2497.5,0.26078207578557133,264.0830776535853,0.2085240648131921,0.12719992249985806,0.15754865749931918,-0.00047798318448005,0.02653801153169105,3.046074380165294,77.5,71.69685179529449,76.5,0.004441368514108901,2.3748355157288286,129.27248952359162,153.74437431899705,18.03294362789998,125.78644525142478,0.01969463117367725,8188.0,2
yolo11s.pt,10,65W,32,4564.196875,24.39095416121272,0.24522317125006338,0.18690474363763365,28.720800627943483,90.0,20.228366800299742,83.5,0.03827975718370695,30.940543559650397,1.0,0.75562,477.74725274725324,8000.0,7408.285740000509,8000.0,0.6617145346431632,491.25460773937664,19.87131083202512,67.5,13.83901763056617,65.5,0.0264451599745855,23.13960815950834,14.47199226844584,49.329,3.249604742504893,65.584,0.019453132049430298,79.3055,24.390954161212754,13.721499999999999,52.5805,13.525840672600884,145.6960361067504,2505.0,2114.652977102373,2505.0,0.2723826583670542,302.80083426501255,0.1329659763594459,0.24522317125006338,0.275072645000182,-0.0008725304455731,0.0326766723976216,2.9639324960753513,78.0,71.13617758525223,76.0,0.004198493960365601,2.205722566096878,132.19067880799355,144.7836046807185,12.394639083909471,130.49778841667444,0.009069312876776599,8188.0,2
yolo11x.pt,1,115W,1,3542.8424479166665,28.722635741781147,0.10226826562498793,2.935885842209261,20.74906934513676,65.66666666666667,23.85154257935157,54.333333333333336,0.04906711587081506,23.971320308988115,0.0,0.74852,-16.161616161616017,8200.0,8176.767676767678,8200.0,-0.0012850440820770818,93.5584761000207,4.223200166458594,29.333333333333332,7.778597302614156,25.0,0.012507006664519434,8.746998853776674,16.61885678886241,115.0,2.1210831192003603,47.037,0.03631956174962047,60.89533333333333,28.722635741781108,13.858333333333334,44.266533333333335,14.338037257507443,435.9575246850527,2655.0,2350.9648308932015,2655.0,0.913591575633447,319.8000859733102,0.25786650858399035,0.10226826562498793,0.15248083666657897,-0.00019970743243723332,0.026674901437029264,5.062393598910451,71.66666666666667,62.206199636817615,67.66666666666667,0.010861259349565333,3.7367508405917054,10.160970820240486,11.379053096852815,1.5454365189224981,9.790625617737998,0.0233318127221068,8188.0,3
yolo11x.pt,1,115W,2,3855.677734375,27.91818721122416,0.11919303177079137,1.6630020490451336,15.255561301097016,69.33333333333333,21.104841711849826,67.0,0.0634787039201175,27.60683487789512,0.0,0.78985,25.0,8200.0,8181.337480559876,8200.0,0.05534008831483814,84.36064333678794,5.105103572960716,33.333333333333336,8.23550604172249,30.0,0.023505595603673966,11.527446310819323,12.52694019504198,115.0,2.181358164790935,46.97266666666667,0.0459012204841833,60.913999999999994,27.91818721122416,13.941333333333333,54.251733333333334,16.816025469358678,379.58602799227793,2655.0,2285.96149832493,2655.0,1.0868990374272014,317.38849523487124,0.2960302970978656,0.11919303177079137,0.17663298833314603,-0.0007508568231065,0.035475875447490465,3.584439158546298,72.66666666666667,64.1113545947033,71.33333333333333,0.012463782836037267,4.08399439274536,17.72805394061019,20.998926612823606,3.406353825119114,16.78830277772047,0.0369739389161853,8188.0,3
yolo11x.pt,1,115W,4,4545.479166666667,27.905966533820504,0.14598116041669107,1.0184850526890727,13.102538121783363,82.0,20.472208791045436,79.33333333333333,0.07507626507152647,30.78865004078773,0.0,0.80475,-45.61647004395096,8200.0,8188.649171171816,8200.0,-0.08161348729421954,94.56440639260336,5.348565213472213,46.666666666666664,9.778673866531163,44.0,0.03537474552226324,15.867845574634437,11.495652913122193,115.0,2.433903885495774,54.236333333333334,0.05632075578899304,67.92066666666666,27.9059665338205,13.684333333333333,66.34181666666666,19.66326706725111,344.90040171633564,2655.0,2241.245157396014,2655.0,1.1656849951910113,307.20057713560124,0.2615837724238592,0.14598116041669107,0.19352848666673403,-0.0017338213098779334,0.038491852001464065,2.611471939044248,75.33333333333333,64.86216844726593,74.33333333333333,0.012750312111724333,4.4224181011181605,28.804349890754732,33.88357569292159,5.441038223660751,27.42390713507126,0.03603318569200237,8188.0,3
yolo11x.pt,1,115W,8,5746.804606119792,27.809402697149423,0.24886769166668424,0.8648898339593405,13.223788328162144,88.0,18.629266238718586,83.33333333333333,0.07483014579432423,30.895672070423604,0.0,0.80979,7.149836197482425,8200.0,8187.234573446116,8200.0,0.029223600644808778,99.98585411688948,7.170154521439078,58.0,10.801076793631886,54.0,0.044720251332947526,19.3514011154449,12.911784934273728,115.0,2.8305052280493563,65.063,0.0618918478379121,78.68633333333334,27.80940269714942,13.623333333333333,71.29466666666667,20.464674485600078,390.1041179159174,2655.0,2230.23871407084,2655.0,1.2883439282567195,303.2482635002006,0.1714251369138752,0.24886769166668424,0.3062073499998708,-0.004411207941158067,0.04311502340242563,2.8590071314078407,77.66666666666667,65.45824356342912,75.66666666666667,0.013958969167884602,4.676912815405227,33.026881666606364,40.6294569067396,4.853235122784931,32.163624755218734,0.022509210422821002,8188.0,3
yolo11x.pt,1,115W,16,7985.072916666667,26.521439891637097,1.4406502666665044,2.3939906502085875,25.894059231849255,96.66666666666667,35.23445852120948,96.33333333333333,0.0800836777742064,41.950733641846846,0.0,0.81073,0.0,8200.0,8200.0,8200.0,-2.232510277792276e-15,0.0,12.993487908252305,63.0,9.451537379623684,51.666666666666664,0.035321325030169735,16.778833278919077,13.232111641407181,115.0,3.349945995626559,74.18666666666667,0.0377326558914565,88.77866666666667,26.52143989163709,14.591999999999999,60.55351666666666,15.825613916707667,409.54087312522125,2655.0,2312.745585231266,2655.0,0.9811719034466583,313.745880103749,0.13099198775540563,1.4406502666665044,1.6819227916666328,0.013898136507931565,0.1722420696433531,3.0555866105053204,76.66666666666667,65.10605628100954,72.5333333333333,0.008932427599917834,3.4648113240549883,17.2729448602284,19.234095429328104,2.0667963228618387,16.960238151657645,0.015578771974789032,8188.0,3
