json_file,model,batch,epochs,tag,avg_step_time,avg_power,avg_mem,map50,pwr_mean,pwr_std,pwr_max,pwr_min,throughput,energy_per_img
yolo11n_b16_e100_run1_20250721-163202.json,yolo11n.pt,16,100,115W,0.0928299156250386,39.49774227101986,2854.6391015625,0.79005,39.49774227101994,9.867925412539588,84.459,16.275,172.35823055821436,0.2291607551498935
yolo11n_b16_e100_run1_20250722-124534.json,yolo11n.pt,16,100,115W,0.0785788851250049,36.671933091628254,2582.51890625,0.79005,36.67193309162821,9.22165777427999,50.881,12.493,203.6170400553134,0.1801024761074327
yolo11n_b16_e100_run2_20250722-124810.json,yolo11n.pt,16,100,115W,0.0797742787500305,36.559653390388405,2622.5847265625,0.79005,36.55965339038841,8.507156768726897,45.036,13.114,200.56589982010797,0.182282498785584
yolo11n_b16_e100_run3_20250722-125046.json,yolo11n.pt,16,100,115W,0.0789148383750011,36.57345632680177,2664.6095361328125,0.79005,36.573456326801725,8.568170224849354,45.893,13.009,202.75020933285612,0.1803867746777953
yolo11n_b16_e100_run4_20250722-125321.json,yolo11n.pt,16,100,115W,0.0796700881250444,36.4784806739345,2664.60806640625,0.79005,36.47848067393459,8.563237066304014,45.349,12.961,200.82819507978385,0.1816402356225058
yolo11n_b16_e10_run1_20250721-152606.json,yolo11n.pt,16,10,115W,0.0885461362498063,26.465084285714287,2771.68828125,0.66065,26.465084285714287,12.691500871844855,47.696,15.417,180.69676078085223,0.1464613099390915
yolo11n_b16_e10_run1_20250721-182031.json,yolo11n.pt,16,10,115W,0.0936959662503795,25.978756569847825,2804.57890625,0.66065,25.978756569847857,12.392157336664496,47.526,14.638,170.76508883257483,0.1521315436747055
yolo11n_b16_e10_run2_20250721-152639.json,yolo11n.pt,16,10,115W,0.0840465837498868,27.583644305772204,2804.95703125,0.66065,27.583644305772232,12.969181756155,48.779,15.359,190.37061693803275,0.1448944419545108
yolo11n_b16_e10_run2_20250721-182108.json,yolo11n.pt,16,10,115W,0.0867265587502061,25.868660738714123,2837.23828125,0.66065,25.86866073871409,12.69150228171226,47.847,15.351,184.4878919511144,0.1402187453340775
yolo11n_b16_e10_run3_20250721-152714.json,yolo11n.pt,16,10,115W,0.0927020474999608,27.14185840707963,2880.46328125,0.66065,27.14185840707965,12.281491361017515,47.385,15.385,172.5959720577559,0.1572566154556442
yolo11n_b16_e10_run3_20250721-182144.json,yolo11n.pt,16,10,115W,0.0884915924999404,26.65638373751781,2910.18203125,0.66065,26.65638373751783,12.731982568748654,47.919,15.438,180.80813722513545,0.1474291154514041
yolo11n_b16_e10_run4_20250721-182219.json,yolo11n.pt,16,10,115W,0.0876630262496746,27.1179460269865,2904.91171875,0.66065,27.117946026986505,12.784190497905689,48.365,15.423,182.5170848474944,0.1485775759000611
yolo11n_b16_e10_run5_20250721-182255.json,yolo11n.pt,16,10,115W,0.0921645750001971,26.9181317715959,2905.3037109375,0.66065,26.9181317715959,12.532783697199577,47.219,15.307,173.60249314843338,0.1550561359080275
yolo11n_b16_run10_20250719-211323.json,yolo11n.pt,16,1,115W,0.1193015999992894,17.52214182692309,2408.72265625,0.59366,17.522141826923075,5.316734513866836,38.625,15.133,134.11387609298862,0.1306512222103998
yolo11n_b16_run1_20250719-211021.json,yolo11n.pt,16,1,115W,0.1463242750000972,17.3333,2308.66015625,0.59366,17.3333,4.911846240080249,36.587,15.15,109.34617649729934,0.1585176597411991
yolo11n_b16_run2_20250719-211041.json,yolo11n.pt,16,1,115W,0.1217512624998562,17.68907978723406,2365.41015625,0.59366,17.689079787234043,5.485746230587044,39.151,15.177,131.41547505529064,0.1346042372847772
yolo11n_b16_run3_20250719-211101.json,yolo11n.pt,16,1,115W,0.1137639875005334,17.459366047745355,2421.66015625,0.59366,17.45936604774536,5.349788947840228,38.463,14.854,140.64204632353434,0.1241404438014337
yolo11n_b16_run4_20250719-211121.json,yolo11n.pt,16,1,115W,0.1140856750002967,17.604423376623405,2413.53515625,0.59366,17.604423376623377,5.631879613804666,39.785,15.182,140.24547779516035,0.1255257827445678
yolo11n_b16_run5_20250719-211141.json,yolo11n.pt,16,1,115W,0.1158108250001532,17.477461152882217,2403.41015625,0.59366,17.477461152882206,5.35827602291203,39.184,15.069,138.15634246607624,0.1265049496889637
yolo11n_b16_run6_20250719-211201.json,yolo11n.pt,16,1,115W,0.1124038999987533,18.28010416666667,2405.41015625,0.59366,18.280104166666668,7.604798023875517,65.53,15.158,142.34381547417354,0.1284221875447996
yolo11n_b16_run7_20250719-211221.json,yolo11n.pt,16,1,115W,0.108152462500584,17.664952755905524,2405.41015625,0.59366,17.66495275590551,5.742470180335829,40.319,15.207,147.93930373904885,0.1194067587817288
yolo11n_b16_run8_20250719-211241.json,yolo11n.pt,16,1,115W,0.1157223499999418,17.546408970976252,2421.66015625,0.59366,17.546408970976252,5.6235510883512765,39.65,14.758,138.2619692739393,0.1269069800113395
yolo11n_b16_run9_20250719-211301.json,yolo11n.pt,16,1,115W,0.1083022624998193,17.626031914893623,2411.50390625,0.59366,17.626031914893616,5.61563666736306,39.486,15.17,147.73467913495057,0.1193086959548126
yolo11n_b1_e100_run1_20250721-161038.json,yolo11n.pt,1,100,115W,0.0561753638437272,19.44171846965692,1422.7278533935546,0.6158,19.44171846965699,0.8545473482479822,20.273,13.047,17.801397829516034,1.09214560878029
yolo11n_b1_e100_run1_20250722-105035.json,yolo11n.pt,1,100,115W,0.0508706692265621,17.516647856187152,1112.371478881836,0.6158,17.516647856187095,0.7764170362929591,23.56,13.184,19.65769303223259,0.8910835990502659
yolo11n_b1_e100_run2_20250722-110519.json,yolo11n.pt,1,100,115W,0.0518227160156241,17.62022243247894,1158.2736685180664,0.6158,17.620222432478926,0.6708784418354066,18.252,13.302,19.296557125614704,0.9131277832504868
yolo11n_b1_e100_run3_20250722-111953.json,yolo11n.pt,1,100,115W,0.0512099268984387,17.7016401739129,1222.3952890014648,0.6158,17.701640173913045,0.6835081854861992,18.618,13.2,19.527463922829533,0.906499699288546
yolo11n_b1_e100_run4_20250722-113440.json,yolo11n.pt,1,100,115W,0.0519829457031203,17.71659719919984,1214.4462487792969,0.6158,17.71659719919977,0.6803889974923927,19.746,13.247,19.237078362413257,0.9209609102500596
yolo11n_b1_e10_run1_20250721-151335.json,yolo11n.pt,1,10,115W,0.0561022277343738,17.921966213251444,1398.9739013671874,0.46471,17.921966213251427,1.7199561142189497,19.425,13.848,17.824604126857153,1.0054622299435862
yolo11n_b1_e10_run1_20250721-180204.json,yolo11n.pt,1,10,115W,0.0550199474999573,18.05488650580871,1432.8271881103517,0.46471,18.05488650580876,1.681472363652921,19.481,14.295,18.175226357691017,0.9933789076672828
yolo11n_b1_e10_run2_20250721-151523.json,yolo11n.pt,1,10,115W,0.052735655859405,18.53389844851902,1446.8341796875,0.46471,18.53389844851904,1.6139621266162971,19.621,14.745,18.96250238483869,0.9773972903142598
yolo11n_b1_e10_run2_20250721-180356.json,yolo11n.pt,1,10,115W,0.0559943553125748,18.51712302839112,1481.0939453125,0.46471,18.51712302839117,1.503127368578894,19.675,14.878,17.85894300269632,1.0368543662183942
yolo11n_b1_e10_run3_20250721-151718.json,yolo11n.pt,1,10,115W,0.057167505937474,18.56827103631532,1512.996664428711,0.46471,18.568271036315323,1.5440498194848744,19.783,14.744,17.492454561402976,1.0615017447171835
yolo11n_b1_e10_run3_20250721-180548.json,yolo11n.pt,1,10,115W,0.0547728906249517,18.650091776465285,1546.931817626953,0.46471,18.65009177646524,1.5873609157089,19.822,14.751,18.257206961146775,1.021519437017645
yolo11n_b1_e10_run4_20250721-180739.json,yolo11n.pt,1,10,115W,0.0546538663280983,18.71612574575489,1545.2740234375,0.46471,18.716125745754933,1.5540370585129568,19.842,14.83,18.296967208079927,1.022908634688369
yolo11n_b1_e10_run5_20250721-180933.json,yolo11n.pt,1,10,115W,0.0563324031250033,18.69785234899329,1544.8423828125,0.46471,18.697852348993287,1.557722434987428,19.85,14.916,17.75177241739482,1.053294956095281
yolo11n_b1_run10_20250719-205838.json,yolo11n.pt,1,1,115W,0.0664917585936848,16.928511265164634,1489.9765625,0.4819,16.928511265164644,1.6567664828864397,19.308,15.411,15.039457838839242,1.1256064843938012
yolo11n_b1_run1_20250719-205426.json,yolo11n.pt,1,1,115W,0.0633344656252177,16.781991554054066,1363.244140625,0.4819,16.781991554054056,1.661648368011461,19.947,14.966,15.789191400421837,1.0628784672029312
yolo11n_b1_run2_20250719-205454.json,yolo11n.pt,1,1,115W,0.0574165539061368,16.83384180790961,1432.6875,0.4819,16.833841807909604,1.741321004658613,19.429,15.234,17.416579922835055,0.9665411856112226
yolo11n_b1_run3_20250719-205521.json,yolo11n.pt,1,1,115W,0.0569583945313922,16.876456439393937,1500.814453125,0.4819,16.87645643939394,1.7897666382281785,19.434,15.225,17.556674625877243,0.9612558641668556
yolo11n_b1_run4_20250719-205550.json,yolo11n.pt,1,1,115W,0.0566471656251224,16.8262090909091,1489.09326171875,0.4819,16.826209090909092,1.7474580712642138,19.542,15.276,17.6531339028993,0.953157053215668
yolo11n_b1_run5_20250719-205617.json,yolo11n.pt,1,1,115W,0.0563784039061374,16.811981024667908,1486.28125,0.4819,16.811981024667933,1.788199658487628,19.5,15.224,17.73728822945869,0.947832656671046
yolo11n_b1_run6_20250719-205645.json,yolo11n.pt,1,1,115W,0.0578935718749278,16.85323463687151,1495.232421875,0.4819,16.85323463687151,1.817869311880228,19.713,15.261,17.273074844308812,0.975693950774744
yolo11n_b1_run7_20250719-205712.json,yolo11n.pt,1,1,115W,0.0574535281249097,16.872543396226394,1488.751953125,0.4819,16.872543396226416,1.812734894864708,19.559,14.912,17.405371482598927,0.9693871465538538
yolo11n_b1_run8_20250719-205740.json,yolo11n.pt,1,1,115W,0.0600711585935869,16.889401119402994,1487.8515625,0.4819,16.889401119402986,1.7260194352813345,19.528,15.26,16.646923805241176,1.0145658931943615
yolo11n_b1_run9_20250719-205808.json,yolo11n.pt,1,1,115W,0.0603661406250637,16.879304029304024,1489.375,0.4819,16.87930402930403,1.7738893029765228,19.667,15.282,16.565577816396047,1.0189384406861717
yolo11n_b2_e100_run1_20250721-161932.json,yolo11n.pt,2,100,115W,0.0579637562031331,20.96675593414992,1483.0455963134766,0.6888,20.96675593415008,1.232673392173219,22.167,15.189,34.50432013051448,0.6076559646688304
yolo11n_b2_e100_run1_20250722-114318.json,yolo11n.pt,2,100,115W,0.0562173419843806,18.90065285587457,1192.694752807617,0.6888,18.90065285587452,1.2063792340749253,19.956,12.247,35.5762106389818,0.5312722326633805
yolo11n_b2_e100_run2_20250722-115151.json,yolo11n.pt,2,100,115W,0.0562560640781299,18.940960545832027,1243.0870288085937,0.6888,18.940960545832095,1.1359088436766678,19.989,13.389,35.55172287244172,0.532771945083829
yolo11n_b2_e100_run3_20250722-120029.json,yolo11n.pt,2,100,115W,0.0567659843281293,18.9790360996665,1289.2301489257814,0.6888,18.97903609966647,1.2168871390048743,24.832,13.276,35.23236712393157,0.5386818328983352
yolo11n_b2_e100_run4_20250722-120906.json,yolo11n.pt,2,100,115W,0.0566379598906249,18.95501965601971,1289.220601196289,0.6888,18.95501965601965,1.191114833936455,20.054,13.228,35.31200636220396,0.5367868215018258
yolo11n_b2_e10_run1_20250721-151832.json,yolo11n.pt,2,10,115W,0.0554396496874119,19.134477157360404,1462.612109375,0.5703,19.134477157360408,2.5337241974890623,21.53,14.97,36.075264026318656,0.5304043552779233
yolo11n_b2_e10_run1_20250721-181048.json,yolo11n.pt,2,10,115W,0.0559900473437892,19.145657894736843,1496.27421875,0.5703,19.145657894736843,2.5141282091038604,21.553,15.087,35.72063419985396,0.5359831459771539
yolo11n_b2_e10_run2_20250721-151941.json,yolo11n.pt,2,10,115W,0.0562339053125128,19.25877369581192,1514.7375,0.5703,19.258773695811904,2.4622264937676923,21.548,15.066,35.565731899380815,0.5414980282227007
yolo11n_b2_e10_run2_20250721-181158.json,yolo11n.pt,2,10,115W,0.058064955781333,19.32361956521738,1549.034375,0.5703,19.323619565217392,2.366005242326959,21.586,15.222,34.444183640332106,0.561012557794825
yolo11n_b2_e10_run3_20250721-152051.json,yolo11n.pt,2,10,115W,0.0581333679687247,19.26881077147016,1561.214453125,0.5703,19.26881077147016,2.350417590077184,21.527,15.047,34.403649227341894,0.5600804334488011
yolo11n_b2_e10_run3_20250721-181307.json,yolo11n.pt,2,10,115W,0.056529501562511,19.413412371134022,1594.749609375,0.5703,19.413412371134022,2.4156484362392794,21.616,14.991,35.379756493843715,0.5487152624838464
yolo11n_b2_e10_run4_20250721-181417.json,yolo11n.pt,2,10,115W,0.0567218978124913,19.47428707782673,1594.795147705078,0.5703,19.474287077826727,2.398443444201104,21.671,15.241,35.25975112136604,0.5523092607998038
yolo11n_b2_e10_run5_20250721-181527.json,yolo11n.pt,2,10,115W,0.0571045137499652,19.434183211678807,1595.13984375,0.5703,19.434183211678832,2.393124570104808,21.628,14.904,35.02350109760312,0.554889791215328
yolo11n_b2_run10_20250719-210249.json,yolo11n.pt,2,1,115W,0.0666908781248594,16.682105577689228,1543.5149536132812,0.55542,16.682105577689242,1.9911127649227236,20.815,15.024,29.98910879919106,0.5562721349738549
yolo11n_b2_run1_20250719-205908.json,yolo11n.pt,2,1,115W,0.072705323437276,16.682305816135074,1438.6953125,0.55542,16.682305816135084,1.86407515266128,20.813,15.403,27.50830208087071,0.6064462200208264
yolo11n_b2_run2_20250719-205932.json,yolo11n.pt,2,1,115W,0.0626526703123317,16.83170087336246,1485.66015625,0.55542,16.831700873362447,2.0567172554919986,21.109,15.373,31.922023275779583,0.5272755028072826
yolo11n_b2_run3_20250719-205956.json,yolo11n.pt,2,1,115W,0.061822073437213,16.789698689956353,1553.560546875,0.55542,16.78969868995633,2.0830388032720726,21.205,15.35,32.350904600946706,0.5189869926995805
yolo11n_b2_run4_20250719-210021.json,yolo11n.pt,2,1,115W,0.0588872046875508,16.762813953488372,1545.75,0.55542,16.762813953488372,2.1083495381724195,21.427,15.025,33.96323548743373,0.4935576282092014
yolo11n_b2_run5_20250719-210047.json,yolo11n.pt,2,1,115W,0.0690312765626686,16.79347808764939,1553.53515625,0.55542,16.7934780876494,1.912017595467265,20.868,15.479,28.972374546548355,0.5796376151588201
yolo11n_b2_run6_20250719-210111.json,yolo11n.pt,2,1,115W,0.0597175453125942,16.80379830148618,1544.25390625,0.55542,16.8037983014862,2.059321246287506,21.226,15.457,33.49099480782254,0.5017407932463472
yolo11n_b2_run7_20250719-210135.json,yolo11n.pt,2,1,115W,0.06213655781238,16.768402654867252,1550.47265625,0.55542,16.768402654867256,2.111385182993952,21.059,14.852,32.187170812373544,0.5209654104927129
yolo11n_b2_run8_20250719-210159.json,yolo11n.pt,2,1,115W,0.0645114218750677,16.830896103896105,1547.640625,0.55542,16.830896103896105,2.035228766518089,21.029,15.431,31.00226195406423,0.542892519546938
yolo11n_b2_run9_20250719-210223.json,yolo11n.pt,2,1,115W,0.065539667187636,16.829645922746785,1547.05078125,0.55542,16.82964592274678,2.007289452332361,20.911,15.433,30.51587055323493,0.5515046963312901
yolo11n_b4_e100_run1_20250721-162506.json,yolo11n.pt,4,100,115W,0.0643544862500425,22.925923420647223,1652.9810498046877,0.74406,22.92592342064715,2.115798880873391,27.3,15.617,62.1557288866921,0.3688465058858926
yolo11n_b4_e100_run1_20250722-121413.json,yolo11n.pt,4,100,115W,0.0588218240312528,23.09441231436676,1366.7033923339843,0.74406,23.09441231436676,3.22854394591551,28.592,11.771,68.00197147702772,0.33961386431522
yolo11n_b4_e100_run2_20250722-121918.json,yolo11n.pt,4,100,115W,0.0592461483437585,22.985997154335493,1420.7146044921874,0.74406,22.98599715433545,3.12105759753155,29.467,12.776,67.51493745705055,0.3404579493087433
yolo11n_b4_e100_run3_20250722-122423.json,yolo11n.pt,4,100,115W,0.0595368241562411,22.93312776944863,1465.6440222167969,0.74406,22.93312776944861,3.1625596215439526,28.804,12.998,67.18531021243071,0.3413413988405685
yolo11n_b4_e100_run4_20250722-122927.json,yolo11n.pt,4,100,115W,0.0591533079999896,23.36051090238175,1485.2030322265623,0.74406,23.36051090238175,3.0982932290551326,29.066,12.948,67.62090126896533,0.3454628741114262
yolo11n_b4_e10_run1_20250721-152146.json,yolo11n.pt,4,10,115W,0.0615651718749859,20.67894111776447,1627.56171875,0.62517,20.67894111776447,4.532516851541419,28.053,14.835,64.97179944729771,0.3182756410269708
yolo11n_b4_e10_run1_20250721-181623.json,yolo11n.pt,4,10,115W,0.06438400281246,20.082295938104476,1660.43671875,0.62517,20.082295938104448,3.804850511814653,25.595,15.025,62.12723386663826,0.3232446495398933
yolo11n_b4_e10_run2_20250721-152234.json,yolo11n.pt,4,10,115W,0.0572182703124781,21.72318172043012,1672.3560546875,0.62517,21.72318172043011,5.411421250147467,33.479,14.957,69.90774062472283,0.3107407209316636
yolo11n_b4_e10_run2_20250721-181713.json,yolo11n.pt,4,10,115W,0.0621709178123978,20.51712177502578,1706.4437744140623,0.62517,20.5171217750258,4.134058730451471,27.761,15.257,64.33876385853091,0.3188920729055217
yolo11n_b4_e10_run3_20250721-152322.json,yolo11n.pt,4,10,115W,0.0595397146874233,21.58612127659573,1738.97734375,0.62517,21.586121276595744,5.06096471484108,30.829,14.961,67.18204850324759,0.3213078755041572
yolo11n_b4_e10_run3_20250721-181802.json,yolo11n.pt,4,10,115W,0.0606579090624336,20.76256979166666,1772.29296875,0.62517,20.762569791666667,4.248631308693714,27.514,15.021,65.94358529376444,0.314853517581337
yolo11n_b4_e10_run4_20250721-181850.json,yolo11n.pt,4,10,115W,0.0594460784374291,21.10553715498938,1772.19140625,0.62517,21.105537154989385,4.6203701812383855,28.028,14.99,67.28787003519936,0.3136603542948935
yolo11n_b4_e10_run5_20250721-181939.json,yolo11n.pt,4,10,115W,0.0600697412500267,20.960705263157923,1772.19140625,0.62517,20.96070526315789,4.492194920956463,27.45,15.217,66.58926635543351,0.3147760353939923
yolo11n_b4_run10_20250719-210628.json,yolo11n.pt,4,1,115W,0.0681262343751996,16.603608478803004,1678.04296875,0.58282,16.603608478802993,2.336801852230194,23.105,15.191,58.71453246586815,0.2827853306752462
yolo11n_b4_run1_20250719-210316.json,yolo11n.pt,4,1,115W,0.0777372875002129,16.596213362068937,1571.71484375,0.58282,16.596213362068966,2.265736192813476,23.56,14.967,51.4553585367774,0.322536152385507
yolo11n_b4_run2_20250719-210337.json,yolo11n.pt,4,1,115W,0.0681721218749089,16.646567237163826,1629.79296875,0.58282,16.646567237163815,2.339543324923808,23.356,15.006,58.67501098674497,0.2837079526226996
yolo11n_b4_run3_20250719-210359.json,yolo11n.pt,4,1,115W,0.068125240625136,16.71959466019417,1672.09765625,0.58282,16.719594660194176,2.369751584267122,23.48,15.176,58.71538894094017,0.2847566023451168
yolo11n_b4_run4_20250719-210421.json,yolo11n.pt,4,1,115W,0.0669960281252315,16.802789976133635,1672.41015625,0.58282,16.802789976133653,2.432417975284394,23.861,15.461,59.70503195388012,0.2814300474558519
yolo11n_b4_run5_20250719-210442.json,yolo11n.pt,4,1,115W,0.0683836593749447,16.682888888888876,1672.72265625,0.58282,16.68288888888889,2.416712885559474,23.877,15.343,58.49350614696076,0.2852092477919568
yolo11n_b4_run6_20250719-210504.json,yolo11n.pt,4,1,115W,0.0656070531251771,16.667874396135264,1680.52734375,0.58282,16.667874396135264,2.561085300529996,23.875,14.948,60.96905453698811,0.2733825302477564
yolo11n_b4_run7_20250719-210525.json,yolo11n.pt,4,1,115W,0.0702564031249721,16.614325870646773,1673.41796875,0.58282,16.614325870646766,2.309891916830777,22.97,15.282,56.93431234851001,0.2918156940044534
yolo11n_b4_run8_20250719-210546.json,yolo11n.pt,4,1,115W,0.0682486937504336,16.65207804878049,1671.6917724609375,0.58282,16.65207804878049,2.3869675738866745,23.444,15.34,58.6091803401671,0.2841206437648845
yolo11n_b4_run9_20250719-210607.json,yolo11n.pt,4,1,115W,0.0661606562498491,16.63599754901962,1684.77734375,0.58282,16.635997549019606,2.584033545678165,24.322,14.84,60.458892440461874,0.2751621288035049
yolo11n_b8_e100_run1_20250721-162900.json,yolo11n.pt,8,100,115W,0.075487535562479,34.75924817679557,2089.2530883789063,0.77535,34.75924817679558,6.773647204979331,45.864,15.269,105.97776096927436,0.3279862478588612
yolo11n_b8_e100_run1_20250722-123253.json,yolo11n.pt,8,100,115W,0.0648459064374924,32.75348742454727,1813.215568847656,0.77535,32.75348742454728,6.84436096196782,40.468,12.877,123.3693912153348,0.2654911976292221
yolo11n_b8_e100_run2_20250722-123614.json,yolo11n.pt,8,100,115W,0.0649660251874922,32.620752349504656,1865.2318408203123,0.77535,32.6207523495047,6.402754220308208,39.573,12.937,123.14128772557594,0.2649050773466084
yolo11n_b8_e100_run3_20250722-123935.json,yolo11n.pt,8,100,115W,0.0642432572499882,32.631244830227146,1919.3618603515624,0.77535,32.63124483022722,6.523733129067456,39.779,12.876,124.5266871956662,0.2620421820019539
yolo11n_b8_e100_run4_20250722-124255.json,yolo11n.pt,8,100,115W,0.0644433746874847,32.66535304613824,1919.3550415039065,0.77535,32.66535304613816,6.460323365297104,39.929,12.914,124.13999171824324,0.263133198206407
yolo11n_b8_e10_run1_20250721-152408.json,yolo11n.pt,8,10,115W,0.0735847643749139,25.107308153477195,2049.42451171875,0.65898,25.107308153477216,10.147755398277338,42.027,15.278,108.7181574604228,0.2309394193202467
yolo11n_b8_e10_run1_20250722-133206.json,yolo11n.pt,8,10,115W,0.0660330449999264,23.37318678526051,1852.56328125,0.65898,23.373186785260483,10.575747320976026,40.994,12.728,121.15146287754727,0.1929253368478492
yolo11n_b8_e10_run2_20250721-152448.json,yolo11n.pt,8,10,115W,0.0720280293749283,26.354386804657143,2089.6601318359376,0.65898,26.354386804657175,10.357417024259396,42.036,15.406,111.06787273545284,0.2372818183655085
yolo11n_b8_e10_run2_20250722-133244.json,yolo11n.pt,8,10,115W,0.0633953187499173,24.267072972972937,1910.97578125,0.65898,24.26707297297297,10.75620451131669,40.487,13.565,126.19228292799504,0.1923023532811405
yolo11n_b8_e10_run3_20250721-152526.json,yolo11n.pt,8,10,115W,0.0685296493750002,26.52291223404257,2140.48203125,0.65898,26.522912234042558,10.476556778023408,42.438,15.386,116.73779266289988,0.227200734475355
yolo11n_b8_e10_run3_20250722-133322.json,yolo11n.pt,8,10,115W,0.0627340599999797,24.599904564315366,1962.76328125,0.65898,24.599904564315352,10.8761251473985,40.996,13.67,127.52243358715477,0.192906486116442
yolo11n_b8_e10_run4_20250722-133359.json,yolo11n.pt,8,10,115W,0.0646572831250182,24.78734800550201,1962.76328125,0.65898,24.787348005502064,10.764510588904848,40.87,13.741,123.72929410800609,0.2003353222387625
yolo11n_b8_e10_run5_20250722-133439.json,yolo11n.pt,8,10,115W,0.0693488337501094,24.79897940797941,1962.76328125,0.65898,24.79897940797941,10.463384320375,41.288,13.758,115.3588253383912,0.2149725375170438
yolo11n_b8_run10_20250719-210956.json,yolo11n.pt,8,1,115W,0.0840472625000074,17.446808673469402,1919.53515625,0.59235,17.446808673469388,4.670670336741463,33.652,15.214,95.18453977010005,0.1832945635458112
yolo11n_b8_run1_20250719-210654.json,yolo11n.pt,8,1,115W,0.1055550250002852,16.910775462962985,1808.91015625,0.59235,16.910775462962963,3.723111934262262,30.962,15.148,75.78985462774872,0.2231271658459085
yolo11n_b8_run2_20250719-210714.json,yolo11n.pt,8,1,115W,0.0789186125002743,17.555212435233162,1872.09765625,0.59235,17.55521243523316,4.87182138557053,34.094,15.165,101.37025660419704,0.1731791259420204
yolo11n_b8_run3_20250719-210734.json,yolo11n.pt,8,1,115W,0.0825999125001999,17.401450777202093,1907.95703125,0.59235,17.401450777202072,4.6526694319962205,33.693,14.799,96.85240283978068,0.1796697889466786
yolo11n_b8_run4_20250719-210754.json,yolo11n.pt,8,1,115W,0.0815795062501365,17.313958224543068,1900.91015625,0.59235,17.313958224543082,4.658433931352015,33.886,14.92,98.06384431245084,0.1765580203992142
yolo11n_b8_run5_20250719-210814.json,yolo11n.pt,8,1,115W,0.0797719437493924,17.58531538461538,1902.91015625,0.59235,17.585315384615384,4.967190027547096,34.611,15.158,100.28588528734365,0.175351848709608
yolo11n_b8_run6_20250719-210835.json,yolo11n.pt,8,1,115W,0.0883095374999811,17.47021499999999,1919.16015625,0.59235,17.470215,4.60612806419611,33.023,15.196,90.59044160435906,0.192848325834404
yolo11n_b8_run7_20250719-210856.json,yolo11n.pt,8,1,115W,0.08888148750043,17.476675126903544,1908.05078125,0.59235,17.476675126903555,4.52636327289512,32.908,15.28,90.00749452985129,0.1941691102301191
yolo11n_b8_run8_20250719-210916.json,yolo11n.pt,8,1,115W,0.0806728750008005,17.57416839378238,1904.91015625,0.59235,17.574168393782383,4.932642085974561,35.317,14.936,99.16592163004742,0.1772198362593282
yolo11n_b8_run9_20250719-210936.json,yolo11n.pt,8,1,115W,0.0799483249998047,17.636984210526336,1901.03515625,0.59235,17.636984210526315,5.07055662414868,35.762,15.235,100.06463550073798,0.176255918209948
yolo11x_b16_e1_run1_20250724-144614.json,yolo11x.pt,16,1,115W,0.4603716624997105,26.96309660107335,7854.640625,0.81073,26.963096601073342,20.869225251010885,80.695,14.232,34.75452835894316,0.775815350523527
yolo11x_b16_e1_run1_20250724-144648.json,yolo11x.pt,16,1,115W,0.4639156000002913,26.915107205623897,7854.640625,0.81073,26.9151072056239,20.669355881841824,79.615,14.563,34.48903205667141,0.7803961317730734
yolo11x_b16_e1_run1_20250724-144722.json,yolo11x.pt,16,1,115W,0.4638688999998521,26.812338624338647,7854.640625,0.81073,26.812338624338626,20.577428608019463,80.45,14.567,34.49250423989429,0.7773381265059699
yolo11x_b1_e1_run1_20250724-143052.json,yolo11x.pt,1,1,115W,0.0991118281249328,27.94918298969074,2643.109375,0.74852,27.949182989690723,14.243449455966031,61.666,14.043,10.089613105909786,2.770094620706524
yolo11x_b1_e1_run1_20250724-143139.json,yolo11x.pt,1,1,115W,0.1054441859375288,27.865085889570526,2642.9314880371094,0.74852,27.86508588957055,13.76716976247103,60.853,13.992,9.483690268067104,2.9382112977050845
yolo11x_b1_e1_run1_20250724-143224.json,yolo11x.pt,1,1,115W,0.10024762187507,28.319655654383773,2643.109375,0.74852,28.319655654383737,14.29826128142052,62.693,14.142,9.975298977627752,2.838978131672855
yolo11x_b2_e1_run1_20250724-143302.json,yolo11x.pt,2,1,115W,0.1167311015624363,27.140609792284856,2981.625,0.78985,27.140609792284867,16.776442562267704,59.454,14.279,17.13339438444563,1.5840766390648295
yolo11x_b2_e1_run1_20250724-143340.json,yolo11x.pt,2,1,115W,0.1136024828124107,27.43961102603368,2981.625,0.78985,27.43961102603369,17.11572859596998,59.657,14.174,17.605249027017802,1.558603969982113
yolo11x_b2_e1_run1_20250724-143419.json,yolo11x.pt,2,1,115W,0.1164234406249988,27.493750755286975,2981.625,0.78985,27.49375075528701,17.025655333305426,59.76,13.682,17.178671144430623,1.6004585293083355
yolo11x_b4_e1_run1_20250724-143454.json,yolo11x.pt,4,1,115W,0.1490655093747932,26.908435940099864,3682.9375,0.80475,26.908435940099835,19.10345019015396,69.388,14.217,26.83383981161503,1.002779927472495
yolo11x_b4_e1_run1_20250724-143529.json,yolo11x.pt,4,1,115W,0.1532367281250799,26.893759599332217,3682.9375,0.80475,26.89375959933222,18.95820419931897,68.891,14.313,26.10340255199777,1.0302779319960325
yolo11x_b4_e1_run1_20250724-143603.json,yolo11x.pt,4,1,115W,0.1531120937497121,27.051620573355823,3682.9375,0.80475,27.05162057335582,19.02815008229072,68.773,14.174,26.124650914503743,1.0354825663273246
yolo11x_b8_e1_run1_20250724-144433.json,yolo11x.pt,8,1,115W,0.2622356937500854,26.6414906303237,5042.140625,0.80979,26.64149063032368,19.68239556628628,75.63,14.468,30.506907300057037,0.8732937222474167
yolo11x_b8_e1_run1_20250724-144507.json,yolo11x.pt,8,1,115W,0.2535461812499306,26.72728076256498,5042.140625,0.80979,26.72728076256499,20.04867927434645,77.549,14.29,31.552437353075643,0.8470749965678858
yolo11x_b8_e1_run1_20250724-144541.json,yolo11x.pt,8,1,115W,0.2558307687498882,27.07392832167833,5042.140625,0.80979,27.07392832167832,20.094649396822675,77.393,14.245,31.270671776861853,0.8657929869517923
